“黄鼠狼”II迫击炮,8
23mm 23-1/2型 航空机炮,8
83式152毫米加农炮,8
62式4.2英寸迫击炮,8
M197航空机炮,8
T69式155毫米自行加农榴弹炮,8
128毫米K44加榴炮,8
XT-86 155毫米榴弹炮,8
“阿斯特罗斯”Ⅱ式火箭炮,8
M44式榴弹炮,8
SH-1型155毫米车载火炮,8
СППУ(SPPU)-6 机炮吊舱,8
“帕尔玛利亚”155毫米自行榴弹炮,8
63-1式60毫米迫击炮,8
74SD式37毫米双管高射炮,8
89式150毫米野战加农炮,8
W84式82毫米中型迫击炮,8
150mm K39加榴炮,8
厄利空GBF-AOB式25毫米双管高射炮,8
86式152毫米加农炮,8
PLZ89式122毫米自行榴弹炮,8
55式120毫米迫击炮,8
63式107毫米牵引式火箭炮,8
DzSU-23-4式23毫米4管自行高射炮,8
GPU-5/A 火神 机炮吊舱,8
75式155毫米自行火炮,8
63式130毫米轮式自行火箭炮,8
英国“神枪手”高射炮,8
300mm阿顿（ADEN）航空机炮,8
82式130毫米轮式自行火箭炮,8
M134迷你炮(Minigun),8
1910年式122毫米榴弹炮,8
96式迫击炮,8
УПК(UPK)-23-250 机炮吊舱,8
“空中卫士/阿芒”弹炮结合防空武器系统,8
MK-7 406毫米3管舰炮,8
AS-90自行榴弹炮,8
大正十一年式70毫米曲射步兵炮,8
25mm阿顿（ADEN）航空机炮,8
厄利空GCF-BM2式35毫米双管自行高射炮,8
AK-130型舰炮,8
PHZ89式122毫米火箭炮,8
ボ式40毫米高射机关炮,8
86式100毫米滑膛反坦克炮,8
4140式105毫米榴弹炮,8
“拉尔斯”火箭炮,8
M51式75毫米高射炮,8
PF97式93毫米单兵云爆火箭,8
二式乙型20毫米高射机关炮,8
63式120毫米迫击炮,8
M42式40毫米双管自行高射炮,8
PLL-05自行迫击榴弹炮,8
70式122毫米自行榴弹炮,8
“奥托”紧凑型76毫米舰炮,8
70式130毫米履带式自行火箭炮,8
L6式120毫米无坐力炮,8
2S3式加榴炮,8
56式160毫米迫击炮,8
M109A3式榴弹炮,8
M65式280毫米加农炮,8
97式150毫米中迫击炮,8
M82/224式82毫米迫击炮,8
86式122毫米榴弹炮,8
81式107毫米轮式自行火箭炮,8
PF-98式120毫米反坦克火箭,8
T86式迫击炮,8
M41式90毫米坦克炮,8
“雷霆2000”火箭炮,8
ASU-85式85毫米自行反坦克炮,8
五式150mm高射炮,8
GAU-8A航炮,8
L11式120毫米坦克炮,8
AMS120毫米自行迫击炮,8
ASU-57式57毫米自行反坦克炮,8
M230链式航空机炮,8
HMP/MRL70组合式吊舱,8
“瓦西里克”82毫米自动迫击炮,8
TDA 2R2M式120毫米自行迫击炮,8
Raad-1型122毫米自行火炮/榴弹炮,8
试制二式57mm速射炮,8
M1930 (1-K)37毫米反坦克炮,8
203毫米自行火炮M1975,8
“布雷达”紧凑型30毫米双管舰炮,8
P793式37毫米双管高射炮,8
56-2式75毫米无后坐力炮,8
XT-81迫击炮,8
M110A1式榴弹炮,8
法国AMX13式高射炮,8
SP-70式榴弹炮,8
MKE-NT1式迫击炮,8
150毫米K18加榴炮,8
克罗地亚“勇士”-30高炮,8
M-39E航空机炮,8
 PzH2000自行榴弹炮,8
M107型175毫米自行火炮,8
90B122毫米多管火箭炮,8
89型122毫米自行榴弹炮,8
155毫米AS90自行火炮,8
HMP机枪吊舱,8
90A式122亳米轮式自行火箭炮,8
240毫米K3加榴炮,8
GAU-19/A(GECAL50)12.7mm航空机枪,8
L119式榴弹炮,8
OB-25式1943年型团属野战炮,8
63式107mm牵引式火箭炮,8
BM-30龙卷风式多管火箭炮,8
T-65榴弹炮,8
G6式加榴炮,8
“德发”552式30毫米航空机关炮,8
“短尾雕”II式火箭炮,8
W90式203毫米自行榴弹炮,8
W88式155毫米牵引加榴炮,8
复仇者(Avenger)GAU-8/A航空机炮,8
MOBAT式榴弹炮,8
“普利玛”122毫米火箭炮,8
1944式85毫米坦克炮,8
中国国产203毫米榴弹炮,8
M1897式75毫米野炮,8
九四式37毫米速射炮,8
54式122毫米牵引榴弹炮,8
JP113式37毫米双管高射炮,8
M224式60毫米迫击炮,8
明治四十五年式150毫米加农炮,8
BHIM式榴弹炮,8
AMX-10RC式反坦克炮,8
3英寸1918年型高射炮,8
ГШ-6-23航空机炮,8
155mm1898年式加农炮,8
T5式155毫米车载榴弹炮,8
59式57毫米高射炮,8
75式榴弹炮,8
PP89式60毫米轻迫击炮,8
93式60毫米迫击炮,8
芬兰AMOS自行迫击炮,8
四式203毫米重火箭,8
毛塞（Mauser）BK27航空机炮,8
87式100毫米6X6轮式自行反坦克炮,8
2A65式MCTA式榴弹炮,8
平衡者(Equalizer)GAU－12/U航空机炮,8
HC-23航空机炮,8
L-33型155毫米自行火炮,8
T-12式100毫米反坦克炮,8
122 毫米自行榴弹炮,8
“阿伯特”榴弹炮,8
105mm S. K18加榴炮,8
83式152毫米自行加榴炮,8
MKE-UT1式迫击炮,8
M455式203毫米自行榴弹炮,8
Aermacchi-30mm机炮吊舱,8
“厄利肯护卫者”高射炮,8
“博福斯”L/70式40毫米高射炮,8
一式37毫米速射炮,8
M3M/P12.7mm机枪,8
61式25毫米双管舰炮,8
PLZ式05自行榴弹炮,8
85式23毫米双管高射炮,8
施耐德1917年式155毫米榴弹炮,8
M3反坦克炮,8
ODE120式迫击炮,8
一式47毫米速射炮,8
96式150毫米重加农炮,8
30毫米M230A1链式航空炮,8
ADAM/HVSD弹炮结合防空武器系统,8
PLZ45式155毫米自行加榴炮,8
FH77B式155毫米榴弹炮,8
AUF1式155毫米自行榴弹炮,8
厄利空GDF-001式35毫米双管高射炮,8
L-16式迫击炮,8
M1938式122毫米榴弹炮,8
65式37毫米双管高射炮,8
M1高射炮,8
M-68榴弹炮,8
W85式60毫米迫击炮,8
“梅卡”90毫米反坦克炮,8
97式90毫米轻迫击炮,8
“厄利肯”GDF-005高射炮,8
64式120毫米迫击炮,8
MAG58M7.62mm机枪,8
SM-4式120毫米4管迫击炮,8
SUU-16/A 火神 机炮吊舱,8
60式106毫米双管自行无坐力炮,8
索尔塔姆81毫米迫击炮,8
2S4式240毫米自行迫击炮,8
RM70 122毫米火箭炮,8
96式122毫米牵引式榴弹炮,8
2.8cm Granatwerfer迫击炮,8
D-74 122毫米加农炮,8
索尔塔姆M65式120毫米迫击炮,8
CEM-1系列通用武器吊舱,8
休斯34型 机炮吊舱,8
索尔塔姆M66式160毫米迫击炮,8
105毫米6X6轮式装甲突击炮,8
M109L47式榴弹炮,8
2S7式“芍药”加农炮,8
97式81毫米曲射步兵炮,8
“特鲁埃尔”3式140毫米火箭炮,8
M59式155毫米加农炮,8
87式双35自行高炮,8
埃及85mm迫击炮,8
71式100毫米迫击炮,8
“天盾”35阿海德弹炮结合防空武器系统,8
72式85毫米高射炮,8
94式90毫米轻迫击炮,8
JPZ4-5 90毫米自行反坦克炮,8
T-92 40毫米快炮,8
“博福斯”M/36L/60式40毫米高射炮,8
240毫米K3重炮,8
PTZ89式120毫米自行反坦克炮,8
59式130毫米加农炮,8
美国“火神”高射炮,8
M40式106毫米无坐力炮,8
GIAT120毫米坦克炮,8
81式107毫米轮式自行火箭炮,8
M198式榴弹炮,8
XM188E1航空机炮,8
“运动衫”30弹炮结合防空武器系统,8
85式122mm自行榴弹炮,8
KS-19 M2式100毫米高射炮,8
6磅反坦克炮,8
“约克中士”高射炮,8
240毫米自行迫击炮M1975,8
1985式107毫米单管火箭炮,8
DS30B型30毫米舰炮,8
GHN45式155毫米加农榴弹炮,8
Granatwerfer 42迫击炮,8
2A36式“风信子”-B加农炮,8
M114式155毫米榴弹炮,8
XT-69榴弹炮,8
HP-23航空机炮,8
ГШ-23航空机炮,8
Raad-2型155毫米自行火炮,8
2S5式152毫米自行加榴炮,8
“毛瑟”BK27式27毫米航空机关炮,8
105毫米8×8轮式自行突击炮,8
XM777榴弹炮,8
“克莱博”155毫米自行火炮,8
20式82毫米迫击炮,8
20mmG1-2/GA-1通用机炮,8
PI-20式加榴炮,8
83式自行火炮,8
53T2式20毫米高射炮,8
PLL01型155毫米牵引式加农榴弹炮,8
155毫米机器人榴弹炮,8
W1988式155毫米加农榴弹炮,8
54式152毫米榴弹炮,8
M109A2型155毫米自行火炮,8
17磅反坦克炮,8
L7式105毫米坦克炮,8
大正十四年式105毫米野战加农炮,8
“特里尼蒂”40毫米自行高射炮,8
GPU-2/A 火神 机炮吊舱,8
意大利“奥托”高射炮,8
“埃默莱克”30式30毫米双管舰炮,8
AMX-30SA 30毫米双管自行高射炮,8
31式60毫米迫击炮,8
90式60毫米迫击炮,8
二式120毫米中迫击炮,8
SO-120自行榴弹炮,8
前苏联2C12“雪橇”迫击炮,8
1909年式122毫米榴弹炮,8
“博菲”40毫米高射炮,8
"SA-N-11""嘎什坦“ 弹炮结合防空武器系统",8
75式105毫米无后坐力炮,8
明治三十八年120毫米野战炮,8
奥利康（Oerlikon）KAA/KAD/KBA型航空机炮,8
D-81TM 125毫米坦克炮,8
基亚特（GIAT）30-781/30-791 航空机炮,8
M1906式65毫米山炮,8
米尼岗(Minigun)GAU－2A/M134航空机枪,8
92式105毫米野战加农炮,8
BMD-20 200毫米火箭炮,8
ST155/45式155毫米加农榴弹炮,8
“阿伯特”榴弹炮,8
大正十一年式37毫米平射狙击炮,8
KS-30式130毫米高射炮,8
大正四年式150毫米野战榴弹炮,8
新型“阿登”30毫米航炮,8
41式榴弹炮,8
PP87式82毫米迫击炮,8
厄利空GDF-C02式35毫米双管自行高射炮,8
“大宇”高射炮,8
美国M-224式迫击炮,8
奥利康（Oerlikon）KCA型航空机炮,8
M50式155毫米榴弹炮,8
2S5式“风信子”加农炮,8
基亚特（GIAT）M621航空机炮,8
MK20Rh202航空机炮,8
明治三十八年式150毫米野战榴弹,8
T-75 81毫米迫击炮,8
2S6式弹炮结合防空武器系统,8
ГШ-6-30航空机炮,8
研2S1式“石竹”榴弹炮,8
阿格特(AGT)航空机炮,8
FH77A式155毫米榴弹炮,8
96式150毫米中迫击炮,8
1914年式150mm榴弹炮,8
“梅罗卡”20毫米高射炮,8
D-44式85毫米反坦克炮,8
M12式120毫米重型迫击炮,8
76A式37毫米双管舰炮,8
GCT式榴弹炮,8
M67式90毫米无坐力炮,8
75式火箭炮,8
17cm K18加榴炮,8
W86式120毫米迫击炮,8
AM-23航空机炮,8
PGZ-95自行高射炮,8
M118式90毫米高射炮,8
S-60式57毫米高射炮,8
1877年式279毫米迫击炮,8
D-30A式122毫米榴弹炮,8
67式82毫米迫击炮,8
GM-45式155毫米牵引加榴炮,8
30mm德发（DEFA）航空机炮,8
D-20式（M1955）152毫米加农榴弹炮,8
前苏联122-MM М-30榴弹炮,8
74式榴弹炮,8
2S19式加农炮,8
德国75mm IG 42,8
小松60式106毫米自行无后坐力炮,8
Rh120120毫米滑膛火炮,8
DzSU-23式23毫米双管高射炮,8
Б-4М型203毫米重榴弹炮（B-4M）,8
85型122毫米自行火炮,8
AMX-13DCA式30毫米双管自行高射炮,8
M53/59式30毫米双管自行高射炮,8
63式60毫米迫击炮,8
WM-80式273毫米火箭炮,8
五式100mm重加农炮,8
PGZ-88式双管37毫米自行高炮,8
XM214航空机枪,8
83式122毫米榴弹炮,8
83式自行火炮,8
“帕尔玛利亚”榴弹炮,8
“龙火”120毫米迫击炮,8
60式122毫米加农炮,8
280mm利奥波德（Leopold）列车炮,8
87式25毫米双联高炮,8
70-1式自行榴弹炮,8
2S1式自行火炮,8
XT-86A1式榴弹炮,8
Mk42 127毫米舰炮,8
M109式155毫米自行榴弹炮,8
火神(Vulcan)M61航空机炮,8
MK11Mod5航空机炮,8
FH2000式榴弹炮,8
SUU-23/A 火神 机炮吊舱,8
M55式20毫米3管高射炮,8
w99式82毫米速射迫击炮,8
M101式105毫米榴弹炮,8
“菲洛斯”6式火箭炮,8
T-75式60毫米迫击炮,8
AK-630M型30mm6管舰炮,8
W87式81毫米迫击炮,8
四式联装20毫米高射机关炮,8
M56式105毫米榴弹炮,8
M48式76毫米榴弹炮,8
120毫米8×8轮式自行反坦克炮,8
88式75毫米高射炮,8
SB155/39式155毫米榴弹炮,8
M120式120毫米迫击炮,8
D-30 122毫米榴弹炮,8
GE225航空机炮,8
LG1式榴弹炮,8
M29式81毫米迫击炮,8
B1“半人马座”105毫米自行反坦克炮,8
80式100毫米迫击炮,8
凯撒155毫米自行火炮,8
55式37毫米高炮,8
D-10 100毫米坦克炮,8
“猎豹”高射炮,8
M1939式37毫米高射炮,8
23mm 23-3型 航空机炮,8
M52式榴弹炮,8
MO-120-RT-61式120毫米迫击炮,8
59-1式130毫米自行加农炮,8
AS90式155毫米自行火炮,8
“奥托”紧凑型127毫米舰炮,8
PP89式100毫米迫击炮,8
TR.F1式榴弹炮,8
M270式火箭炮,8
“石勒喀”23毫米自行高炮,8
M30式107毫米迫击炮,8
65式82毫米无后坐力炮,8
A-19式122毫米加农炮,8
AV-8B 海鹞 GAU-12/U 机炮吊舱,8
前苏联2C9“九度音”-C迫击炮,8
9A-4273机炮吊舱,8
98式20毫米高射机关炮,8
“飞虎”30毫米自行高炮,8
155mm1890年式加农炮,8
L118式榴弹炮,8
122毫米“雷声”1型自行榴弹炮,8
80式57毫米自行高炮,8
75mm1897/1914年型高射炮,8
PaK 36反坦克炮,8
MkF3自行火炮,8
83式152毫米自行加榴炮,8
210毫米K39/40加榴炮,8
XT-86 120毫米迫击炮,8
2A45M 125毫米反坦克炮,8
厄利空GAI-BO1式20毫米高射炮,8
M1943 (ZiS-2)57毫米反坦克炮,8
 “菲洛斯”30式122毫米火箭炮,8
中国73式100毫米滑膛反坦克炮,8
SUU-11B/A米尼冈 机枪吊舱,8
ODE81式迫击炮,8
91式105毫米野炮,8
56式85毫米加农炮,8
SPG-9式73毫米无坐力炮,8
 “旋风”300毫米火箭炮,8
 LAR-160式160毫米火箭炮,8
四式400mm重火箭,8
81式122毫米轮式自行火箭炮,8
PLZ-07式自行榴弹炮,8
UTMG通用双机枪吊舱,8
以色列德发553式30mm航空炮,8
M19式60毫米迫击炮,8
“桑托尔”20毫米双管高射炮,8
双37舰炮,8
“火神”M167式20毫米6管高射炮,8
特龙德(Tround)12.7mm机枪,8
L16式81毫米迫击炮,8
95式25毫米自行高炮,8
EX-34链式(Chain)航空机枪,8
M621机炮吊舱,8
“奥托”高射炮,8
85式(W86)122毫米榴弹炮,8
九四式75mm山炮,8
“飓风”220毫米火箭炮,8
150毫米 s. IG.33步兵炮,8
M116式75毫米榴弹炮,8
90式75毫米野炮,8
M109A6 Paladin“游侠”自行火炮,8
M102式105毫米榴弹炮,8
索尔塔姆M71式155毫米榴弹炮,8
L70式40毫米高射炮,8
FK20-2式20毫米高射炮,8
索尔塔姆120毫米迫击炮,8
83式273mm履带式自行火箭炮,8
74式37毫米双管高射炮,8
23mm 623型 航空机炮,8
97式150毫米短迫击炮,8
66式152毫米加榴炮,8
61式双联装37mm舰炮,8
M230链式(Chain)航空机炮,8
MK4/MK5机炮吊舱,8
75毫米Le. IG 18步兵炮,8
GC45式155毫米加农榴弹炮,8
GAU-13/A航空机炮,8
卡尔600毫米自行迫击炮,8
“巴黎”炮,8
明治四十五年式240毫米重榴弹炮,8
59式57毫米高射炮,8
AS90式榴弹炮,8
155毫米“雷声”2型自行榴弹炮,8
厄利空GBI-AO1式25毫米高射炮,8
96式150毫米野战榴弹炮,8
SH-2型122毫米车载榴弹炮,8
ADEN机炮吊舱,8
СППУ(SPPU)-22 机炮吊舱,8
蒂格2000式155毫米加农榴弹炮,8
LAU-97式70毫米火箭炮,8
“铠甲”-S1弹炮结合防空武器系统,8
K9“雷电”自行火炮,8
大正十一年式75毫米高射炮,8
团属野战炮,8
75毫米IG37步兵炮,8
索尔塔姆60毫米迫击炮,8
中国59式100毫米高射炮,8
“布雷达”L70式40毫米双管高射炮,8
UFH式榴弹炮,8
大正十四年式105毫米高射炮,8
2S9式120毫米自行迫榴炮,8
“十字军战士”155毫米加农榴弹炮,8
明治三十八年式75毫米野战炮,8
DzSU-57-2式57毫米双管自行高射炮,8
M109A6式榴弹炮,8
四十一年式75mm山炮,8
95式75毫米野炮,8
奥利康（Oerlikon）35/1000转膛炮,8
CC420/630机炮吊舱,8
 “喀秋莎”火箭炮,8
H-37航空机炮,8
81毫米轻型迫击炮,8
BRD组合式吊舱,8
BM-21式火箭炮,8
“博福斯”57毫米舰炮,8
“绍波尔”弹炮结合防空武器系统,8
2S31“静脉”120毫米自行迫榴炮,8
HP-30航空机炮,8
“吉麦格”25式25毫米高射炮,8
FH88式榴弹炮,8
ZSU-23-4式23毫米高炮,8
83式273毫米履带式自行火箭炮,8
FH70式榴弹炮,8
PLL05式120毫米自行迫榴炮,8
“运动衫”25弹炮结合防空武器系统,8
78式82毫米无后坐力炮,8
M1937 (53-K) 45毫米反坦克炮,8
WS-2多管火箭炮,8
改进型“运动衫”弹炮结合防空武器系统,8
“野猫”高射炮,8
87式高射炮,8
二式甲型20毫米高射机关炮,8
T-75 20毫米机炮,8
63甲式105毫米榴弹炮,8
M3-VDA 20毫米双管自行高射炮,8
F-22式/M1936加农炮,8
“章鱼”反坦克炮,8
L9A1式51毫米迫击炮,8
Aermacchi马基12.7mm机枪吊舱,8
M100型203毫米自行火炮,8
1A式155毫米自行加农炮,8
AK-1 76毫米舰炮,8
ESDTA-25式25毫米双管自行高射炮,8
MK8 114毫米舰炮,8
G5式155毫米加农榴弹炮,8
M109自行榴弹炮,8
姆伍-1（MW-1) 子母炸弹,9
B-61核航空炸弹,9
JDAM精确制导炸弹,9
GL-303式小神鹰催泪手榴弹,9
53-65KE反舰鱼雷,9
Mk-82蛇眼炸弹,9
迪兰达尔 反跑道炸弹,9
250kg/400kg/1000kg 激光制导炸弹,9
KAM锚雷,9
九九式磁性反战车手榴弹,9
53-65KE反舰鱼雷,9
C-8KO/KOM 航空火箭弹,9
GMI100“罗肯”沉底雷,9
TP617线导鱼雷,9
mk84炸弹,9
丹尼尔（Denel）低阻通用炸弹,9
虹鱼反潜鱼雷,9
“海胆”沉底雷,9
海胆（Sea Urchin）沉底水雷,9
C-13T 航空火箭弹,9
西玛震晕手榴弹,9
100-1航杀弹束,9
B28核炸弹,9
82-2式全塑无柄钢珠手榴弹,9
一式氰酸手榴弹,9
MK50反潜鱼雷,9
TMK－2反车底雷,9
布耳(BR)低阻爆破/杀伤炸弹,9
俄罗斯洲际弹道导弹热核弹头,9
A-244/A-290反潜鱼雷,9
Mk46自导鱼雷,9
36年式及38年式木柄手榴弹,9
TEST-71反潜鱼雷,9
69式反步兵跳雷,9
阿尔塞特克斯特种效应手榴弹,9
C4塑胶炸药,9
67式木柄手榴弹,9
UbHG84式训练手榴弹,9
П-50T教练炸弹,9
58式反步兵地雷,9
“蓝剑”空地导弹热核战斗部,9
TM/AS遥控上浮水雷,9
阿弗德斯(AFDS)子母炸弹,9
哈特托普操练鱼雷,9
城堡手榴弹,9
NV-40式手榴弹,9
鱼-5型鱼雷,9
BLU-97A/B 综合效应(CES）子母小炸弹,9
MR-80/MP-80/MRP-80沉底水雷,9
РБK-500У/OФАБ-50УД杀伤爆破子母炸弹,9
LUGM—145型触发锚雷,9
美国洲际弹道导弹热核弹头,9
7712激光制导炸弹,9
新型沉底雷,9
AT－2反车底雷,9
Mk 2手榴弹/菠萝手榴弹,9
“谢尔别依”/“里拉”/“阿波姆”空投水雷,9
фAБ-M62低阻爆破炸弹,9
NR14式催泪手榴弹,9
斯纳布(SNEB)37 航空火箭弹,9
MK81/82Mod1 蛇眼（Snakeye)减速炸弹,9
BLU-82滚球超大型炸弹,9
“突击队员”防步兵地雷,9
反-43式反坦克手榴弹,9
“破坏者”(DST) MK36/40/41沉底水雷,9
阿尔塞特克斯防御型手榴弹,9
JP233反跑道子母炸弹,9
Mk8/11钻地核炸弹,9
W34多用途核战斗部,9
BLU-26/B 杀伤小炸弹,9
法国F－1 M1915型手榴弹,9
74型江河水雷,9
斯纳布(SNEB)68 航空火箭弹,9
GME-FMK2-MO式手榴弹,9
NT37F-2线导鱼雷,9
M26式系列手榴弹,9
“小男孩”核炸弹,9
NTL90自导鱼雷,9
250-1航空子母弹,9
84式碰炸手榴弹,9
BLU-3/B杀伤小炸弹,9
S.R.C.M(ROMA)手榴弹,9
“蓝色多瑙河”核炸弹,9
XM-753中子炮弹,9
77-1式木柄手榴弹,9
M3-CEV式CN催泪榴弹,9
MON-200反人员地雷,9
PM漂雷,9
M-DN21、M-DN31、M-DN61式手榴弹,9
MO-90型非触发锚雷,9
Mk55沉底雷,9
A290线导鱼雷,9
阿赛马（Aserma）低阻杀伤炸弹,9
SB－MV/T反坦克两用雷,9
“邦尼”沉底雷,9
117/118型MK系列减速炸弹,9
超十字制动伞（SBRPS）减速炸弹,9
250/500/1500/3000kg3型低阻爆破炸弹,9
国产250高阻航空炸弹,9
250-4低阻航空杀伤爆破炸弹,9
M19反履带雷,9
美国潜地弹道导弹热核弹头,9
B83核炸弹,9
BL755子母炸弹,9
C-5(APC-57)航空火箭弹,9
阿尔德(ALD)通用爆破/杀伤炸弹,9
TM/AS遥控上浮水雷,9
FT-1/飞腾-1机载精确制导炸弹,9
“三叉戟”潜地导弹热核弹头,9
HG80式小型杀伤手榴弹,9
防-1（F-1）式手榴弹,9
M67式延时杀伤手榴弹,9
BSU-49/50/85/93充气伞减速炸弹,9
海蛇怪(Hydra)70航空火箭弹,9
LU250EG-FT 低阻爆破炸弹,9
RPG-40手榴弹,9
Mk 80系列炸弹,9
沉-1型水雷,9
雷霆-3激光制导炸弹(LT-3),9
Mk5核炸弹,9
九九式手榴弹,9
破坏者（Destructor）MK36/40/41 沉底水雷,9
ОФ3AБ-500杀伤爆破燃烧炸弹,9
W25核战斗部,9
符布伍(VBW)子母炸弹,9
82-2式卵形手榴弹,9
M7A3式催泪手榴弹,9
炸弹之父/空投高功率真空炸弹,9
美国Mk/B系列热核炸弹,9
“北极星”潜地导弹热核弹头,9
斯布(CB)子母炸弹,9
TM－46反履带雷,9
“伊卡拉”M1舰潜导弹,9
AGM-154“联合防区外武器”,9
65型防登陆水雷,9
鱼-4型鱼雷,9
Э45/Э53/АПСЭТ-95反潜鱼雷,9
马特拉200/SFA 减速炸弹,9
M24 反侧甲雷,9
沉-3型水雷,9
GBU-15模式制导滑翔炸弹,9
威布(WB)子母炸弹,9
MK20石眼式集束炸弹,9
奥法尔（Opher）红外制导炸弹,9
WY91式手榴弹,9
石鱼（Stonefish）沉底水雷,9
AN602沙皇炸弹/AH602,9
西玛催泪手榴弹,9
HG69式杀伤手榴弹,9
漂-2型水雷,9
诅尼(Zuni)航空火箭弹,9
MK50/52/55/56/57沉底水雷,9
妖怪(Genie)AIR-2A/B航空火箭弹,9
“宝石路”系列激光制导炸弹,9
CBU-55/B油气子母炸弹,9
冲击波弹,9
89式线导鱼雷,9
80式反坦克手榴弹,9
DM51式进攻和防御型手榴弹,9
TP42反潜鱼雷,9
MB-315式手榴弹,9
W44鱼雷核战斗部,9
66式反步兵定向地雷,9
PДC-1/2/3型原子弹,9
TCE/3－6反履带雷,9
怪兽(GRIFFIN)激光制导炸弹,9
MB-502式发烟手榴弹,9
九七式手榴弹,9
海鳝反潜鱼雷,9
КАБ-1500КР电视制导炸弹,9
74号手榴弹,9
“石鱼”沉底雷,9
GPS制导滑翔炸弹,9
飞腾5(FT-5)小直径精确制导炸弹,9
L-4反潜鱼雷,9
HG86式小型杀伤手榴弹,9
“西及尔”400沉底雷,9
M进攻型手榴弹和MD防御型手榴弹,9
A244/S自导鱼雷,9
БЕТАБ-150ДС/500ШП反跑道炸弹,9
250-3低阻航空杀伤爆破炸弹,9
 MK34/41航空反潜鱼雷,9
GLS210防登陆水雷,9
Mk-46鱼雷,9
98式闪光手榴弹,9
BLU-82 滚球（daisy Cutter)高爆炸弹,9
G-RX-4航空反潜鱼雷,9
高脚柜炸弹,9
说客(Persuader)70mm 航空火箭弹,9
法伊斯特尔瞬时型CS手榴弹,9
541式进攻手榴弹,9
TP45反潜鱼雷,9
MPR-500炸弹,9
美国巡航导弹热核战斗部,9
TP45线导鱼雷,9
C-25ОФМ 航空火箭弹,9
哈德斯(HADES)子母炸弹,9
17/4C“巨型猎枪”地雷,9
TN75/76潜地导弹热核弹头,9
AN M18式彩色发烟手榴弹,9
回天鱼雷,9
M18A1阔刀地雷,9
M72防步兵布雷,9
Mk65航弹水雷,9
FT-3/飞腾-3型250公斤精确制导炸弹,9
矩阵系列非触发锚雷,9
72式塑料壳反坦克地雷,9
BL-755型集束炸弹,9
炸弹之母/大型空爆炸弹,9
核电磁脉冲弹,9
RGD-5手榴弹,9
GLD220反车底雷,9
3式反战车手榴弹,9
W70-3中子战斗部,9
锚-1型水雷,9
滚筒炸弹/跳跃炸弹,9
BLU-80/B 巨眼(Bigeye)毒气炸弹,9
B57核炸弹,9
阿什（ASH）减速炸弹,9
W30多用途核战斗部,9
“快速打击”MK62/63/64/65水雷,9
MU-90反潜鱼雷,9
4式陶制手榴弹,9
PO-1手榴弹,9
ФAБ-250/500ШЛ减速炸弹,9
巴特120 反坦克炸弹,9
南瓜炸弹,9
66型防登陆水雷,9
RGD-33手榴弹,9
CM6式子母榴弹,9
特-1火箭上浮水雷,9
九九式混合燃料纵火瓶,9
Mk24线导鱼雷,9
塞伊（SEL）MK82/83/84低阻爆破炸弹,9
82式手榴弹系列,9
500/1000磅（227/454kg）MK系列（LDGPB）低阻爆破炸弹,9
M3式手榴弹,9
PRB NR446式进攻型手榴弹,9
法马伊（MS-L/C）沉底水雷,9
B43核炸弹,9
TN60/61潜地导弹热核弹头,9
快速打击（Quickstrike）MK62/63/64/65水雷,9
加图尔(Gator)CBU-78/89子母雷,9
SST-4线导鱼雷,9
КАБ-1500Л激光制导炸弹,9
“红须”核炸弹,9
“天戈”系列激光制导炸弹,9
布耳普斯(BRP.S)减速炸弹,9
73型小型钢珠手榴弹,9
波兰1931式手榴弹,9
MR41型潜地导弹核弹头,9
ХАБ-250毒气炸弹,9
FSA－ATM反车底雷,9
F-1手榴弹,9
Sigee1400型沉底雷,9
BOLT-117激光制导炸弹,9
Mk57战术核炸弹,9
CBU-59/B子母炸弹,9
MMI80型非触发锚雷,9
WE177热核炸弹,9
Mk 14型鱼雷,9
雷霆-2激光制导炸弹(LT-2),9
GLD260反坦克雷,9
MK81/82/83/84（LDGPB)低阻爆破炸弹,9
NR423式手榴弹,9
M43型长柄手榴弹,9
MAS/22防登陆水雷,9
沉-4型水雷,9
巴普100 反跑道炸弹,9
C3B反潜制导炸弹,9
DM24反履带雷,9
锚-2型水雷,9
OTO手榴弹,9
核爆激励X射线激光器,9
“伊格德姆”-500沉底水雷,9
КАБ-500Л激光制导炸弹,9
六六式/GLD150防步兵定向雷,9
HG84式杀伤手榴弹,9
C-24Б 航空火箭弹,9
Mk52沉底雷,9
“阿波尔”-2Э航空反潜鱼雷,9
鱼-6型鱼雷,9
Mk 4原子弹,9
赫夫尔(HVR)航空火箭弹,9
塔尔1/2(TAL1/2)子母炸弹,9
GBU-39小直径炸弹,9
伊拉克Sigee1400型沉底雷,9
“黄太阳”热核炸弹,9
MCF-100锚雷,9
“卡普托”MK60锚泊水雷,9
GL-301式和GL-302式催泪手榴弹,9
91式手榴弹,9
KAB-500型精确制导炸弹,9
“米拉斯”舰潜导弹,9
江河水面漂雷,9
LAFFITE手榴弹,9
PARM－1反侧甲雷,9
MCC-23沉底雷,9
多标枪（Multi-Dart）68/100航空火箭弹,9
金字塔（Pyramid）电视制导炸弹,9
MCT15型非触发沉底雷,9
MK50/52/55/56/57沉底水雷,9
布尔法330(BRFA)反跑道炸弹,9
法马伊MK81/82/83/84 低阻爆破炸弹,9
MK7/12/13/21/24/25/32航空鱼雷,9
MK13Mod6沉底水雷,9
MK13Mod6沉底水雷,9
ET-52鱼雷,9
MTP-19沉底雷,9
B53核炸弹,9
曼塔（Manta）沉底水雷,9
77式木柄手榴弹系列,9
GBU-29/30制导炸弹,9
PДC-6C型核炸弹,9
B61核炸弹,9
241式手榴弹,9
TN90地地导弹热核战斗部,9
大正十年式手榴弹,9
阿斯派德-1057航空火箭弹,9
M67防步兵地雷,9
伊格德姆（ИГДМ）- 500 沉底水雷,9
КАБ-500КР,9
中国（China)57/90/130mm系列航空火箭弹,9
KSM锚雷,9
M117/118通用爆破炸弹,9
“胖子”核炸弹,9
DM2A3线导鱼雷,9
沉-2型水雷,9
天鲨（Skyshark）子母炸弹,9
NR423式训练手榴弹,9
吕歇尔LU213式和LU216式手榴弹,9
俄罗斯潜地弹道导弹热核弹头,9
72式金属壳反坦克地雷,9
БРAБ-200ЛС/220/500/1000穿甲炸弹,9
M25防步兵地雷,9
沉-5型水雷,9
FFV－028反坦克两用雷,9
ЗБ-500ГД/ШМ燃烧炸弹,9
RW705式催泪手榴弹,9
MON-100地雷,9
克尔夫(CRV)7 航空火箭弹,9
59式反步兵地雷,9
断头台（Guillotine）激光制导炸弹,9
AV-BP-250反跑道炸弹,9
俄罗斯空射巡航导弹热核战斗部,9
鱼-7反潜鱼雷（美版MK46),9
BLU－91/B反车底雷,9
“里拉”锚雷,9
CBU-87/B综合效应弹药子母炸弹,9
德伍斯-24/39(DWS-24/39) 子母炸弹,9
“莫万”火箭上浮水雷,9
RG-42手榴弹,9
HG85式杀伤手榴弹,9
M57式杀伤手榴弹,9
鱼-3型鱼雷,9
鱼-1型鱼雷,9
贝加卢BLG66 通用字母炸弹,9
战区定向防御地雷,9
Mk系列核炮弹,9
SUT线导鱼雷,9
BK-BR50/125/250/500 低阻爆破炸弹,9
俄罗斯海射巡航导弹热核战斗部,9
Mk67自航水雷,9
MRP沉底雷,9
РБK-500/ПTАБ-1M反坦克子母炸弹,9
M-DN11式手榴弹,9
GBU-57A/B巨型钻地弹,9
TN70/71潜地导弹热核弹头,9
混凝土穿破者 反跑道炸弹,9
IMP反车底雷,9
“魟鱼”自导鱼雷,9
白星眼（Walleye)电视制导炸弹,9
巴尔布（BARB）反雷达制导炸弹,9
TP43反潜鱼雷,9
“玛拉丰”舰潜导弹,9
SMG2沉底雷,9
增强X射线弹,9
РБК-500/АО-2.5РТМ杀伤子母弹,9
 MK46反潜鱼雷,9
РБK-500CПБЭ反坦克子母炸弹,9
阿尔法CB470子母炸弹,9
布米330（BME）子母炸弹,9
AV-BI-220/250/375/400 燃烧炸弹,9
“雷石”6（LS-6）制导滑翔炸弹,9
250/500/1500/3000kg2型爆破炸弹,9
M24式长柄手榴弹,9
AN51/52型核弹,9
Mk12核炸弹,9
GLD214反履带雷,9
BLU-109/B 鼹鼠(Mole)穿甲炸弹,9
布姆400模式字母炸弹,9
GL-301式催泪手榴弹,9
86式全塑无柄手榴弹,9
MAHF1反侧甲雷,9
F17线导鱼雷,9
CBU-24 杀伤子母炸弹,9
GL-304式、GL-305式和GL-307式手榴弹,9
塞皮亚（Seppia）锚泊水雷,9
“锚”（Mao）-4（M-4）声学系留水雷,9
神剑MP22 制导炸弹,9
锚-3型水雷,9
Mk44自导鱼雷,9
“矛鱼”线导鱼雷,9
阿塔普(ATAP)-1000 子母炸弹,9
霍赛姆反坦克手榴弹,9
A184线导鱼雷,9
RPG-43手榴弹,9
КMГ-У /AO杀伤子母炸弹,9
РБK-500/БETАБ-25反跑道子母炸弹,9
A3自导鱼雷,9
鱼-2型鱼雷,9
攻-59式手榴弹,9
KPM火箭上浮水雷,9
M4式手榴弹,9
L9A1反坦克两用雷,9
M70沉底雷,9
Mk37-1线导鱼雷,9
斯纳布(SNEB)100 航空火箭弹,9
BRP/BRPS/FAS减速炸弹,9
DM24式燃烧发烟手榴弹,9
MK42/43反潜鱼雷,9
CITRON FOUG防御型手榴弹,9
卡普托（Captor）MK60 锚泊水雷,9
M39式小型卵形手榴弹,9
65型自导鱼雷,9
姆德斯(MDS)子母炸弹,9
布尔普（BRP）减速炸弹,9
威尔哥（Virgo）减速炸弹,9
英国VEMS多用途训练水雷,9
美国MK67潜射布放自航式水雷,9
石眼2(Rockeye 2)MK20反坦克子母炸弹,9
MK25/26/39沉底水雷,9
Mk50自导鱼雷,9
阿姆德（AMД）- 500M/2M 沉底水雷,9
TN80/81空地导弹热核战斗部,9
卡斯卡德 子母炸弹,9
HG79式杀伤手榴弹,9
 BLU-24 杀伤小炸弹,9
斯弗伍（SFW）CBU-97/B子母炸弹,9
AV-BAFG-120/250低阻通用炸弹,9
FG1沉底雷,9
82-1式无柄手榴弹,9
РБK-500/ЗАБ-2.5ГP燃烧子母炸弹,9
72式反步兵跳雷,9
RGO防御型杀伤手榴弹,9
卡多恩MK81/82/83/84 低阻爆破炸弹,9
富兹(FZ)70 航空火箭弹,9
W48核炮弹,9
AN11/22型核炸弹,9
“阿姆德”-500М/2М沉底水雷,9
阿布勒-250 （ABL-250）子母炸弹,9
GBU-27/28激光制导侵彻炸弹,9
NR20C1式手榴弹,9
HPDF1反坦克两用雷,9
博福斯(Bofors)135航空火箭弹,9
79式火箭手榴弹,9
Mk48线导鱼雷,9
M14地雷,9
82-3式无柄手榴弹,9
85式23毫米双管高射炮,9
96式三联装25毫米高射机关炮,9
索尔塔姆M65 120毫米滑膛迫击炮,9
90式35毫米牵引式双管高射炮,9
80式95毫米无后坐力炮,9
一式37毫米高射机关炮,9
M1942 (M-42)45毫米反坦克炮,9
试制81mm无后坐力炮,9
SFH 18榴弹炮,9
WS-1B式320毫米轮式自行火箭炮,9
1986式100毫米反坦克炮,9
88式122毫米单管火箭炮,9
U-5TS 115毫米坦克炮,9
MK38型25毫米舰炮,9
“普赖默斯”155毫米自行火炮,9
捷克S-60型57毫米高炮,9
MK.4Mod0 机炮吊舱,9
75毫米1897/1917年型高射炮,9
85式130毫米自行火箭炮,9
839P式155毫米加农榴弹炮,9
M1939式85毫米高射炮,9
HS 95手枪,10
柯尔特政府型0.380英寸手枪,10
93年“碎石”迷彩服,10
史密斯-韦森手动退壳型转轮手枪,10
披风衣（以草伪装）,10
维涅龙冲锋枪,10
阿玛莱特AR-18自动步枪,10
伯奈利M1战术／战术M霰弹枪,10
伯奈利M3可变式／M3T霰弹枪,10
M39增强型精确射手步枪,10
法国ACL-APX式80毫米火箭筒,10
玛斯Mle 1936,10
Ruby Extra转轮手枪,10
司芬尼克斯AT2000／3000手枪,10
RP-46机枪,10
UMP45冲锋枪,10
M110 SASS半自动狙击步枪,10
赫克勒-科赫HK4手枪,10
史密斯-韦森军警用转轮手枪(M 10),10
碎石迷彩服,10
FN赫斯塔尔5~7毫米五七手枪,10
M1948 ERDL迷彩服,10
FN5-7手枪,10
99式5.56mm自动步枪,10
布雷达37型重机枪,10
07式空降迷彩服,10
阿玛利特0.243毫米和7.62毫米AR-10B步枪,10
KillFlash,10
伯莱塔P×4“风暴”手枪,10
“标枪”反坦克火箭筒,10
勃朗宁(大威力)1935型手枪,10
杰格佳廖夫DT/DTM机枪,10
标准DPM迷彩服,10
828式空降兵头盔,10
04数码迷彩,10
PTAC安全终端抗震数据终端,10
实验点状式迷彩服,10
司登Mark ⅡS冲锋枪,10
蜥蜴迷彩服,10
SR88突击步枪,10
Secrette头戴式耳机,10
RPK机枪,10
苏联RPG-26式72.5毫米火箭筒,10
扬曼AG42自动步枪,10
突击队战术护目镜,10
07式迷彩服,10
07式海洋数码迷彩服,10
日本96式6.5毫米轻机枪,10
伪装服（尼龙或塑料）,10
新式十字纹迷彩,10
AAC蜜獾式PDW突击步枪,10
ECW热靴,10
“凡安得”P-83手枪,10
97式霰弹枪(HAWK-12),10
伯莱塔12型冲锋枪,10
新型雪地伪装服,10
低空降落伞组,10
11式迷彩服,10
橙色斑点迷彩服,10
NHM-91步枪,10
 ABU（空军作战服）,10
塔迪兰公司HF-2000 HF无线电系统,10
帕拉军械公司P14手枪,10
乌齐冲锋枪,10
中国95式步枪,10
查特勒尔特M1924/29机枪,10
PTR349VHF/FM无线电台,10
制式仿生连体伪装服(林地/雪地),10
合成纤维四色林地迷彩服,10
USAS12号自动霰弹枪,10
40毫米齐射榴弹发射器,10
航特部丛林数位迷彩,10
“碎裂块”迷彩,10
英格拉姆轻型冲锋枪,10
M25狙击步枪,10
Liama Comanche转轮手枪,10
SG-550狙击枪,10
泰利斯公司单目夜视镜,10
M4A1室内近距离作战（CQB）武器,10
猎鸭人式迷彩服,10
阿森纳石普卡冲锋枪,10
费尔班-赛克斯格斗匕首,10
9毫米改进型马卡洛夫手枪PMM,10
日本62式7.62毫米通用机枪,10
MSBS Radon突击步枪,10
三款非制式迷彩服,10
81式伪装衣（1984年产）,10
FBP冲锋枪,10
苏联RPG-18式64毫米火箭筒,10
悬铃木（Plane tree）,10
巴利斯特·莫利纳手枪,10
伯莱塔38／44型冲锋枪,10
FARA 83自动步枪,10
西德陆军分裂式迷彩服,10
M1942 云块迷彩服,10
阿斯特拉A-50手枪,10
GP-15式40毫米榴弹发射器,10
Ultimax 100轻机枪,10
斯太尔-曼利夏AUG自动步枪,10
英国“希尔顿” 多用途榴弹发射器,10
SR88A突击步枪,10
Portaguard手持式微波雷达地面监视系统,10
VIGY10海军监视系统,10
UGO白天和夜间护目镜,10
维尔德Markl型手枪,10
比利时RL-83式83毫米火箭筒,10
军用袜,10
4155丛林靴,10
赫克勒-科赫MP5SD冲锋枪,10
SOPS突击步枪消减器,10
QBZ56C型短突击步枪,10
AK5突击步枪,10
GB2战斗突击靴,10
9毫米P1型手枪,10
瓦尔特P38手枪,10
西德岩石迷彩服,10
84式双面迷彩服,10
Mk19-3式40毫米榴弹发射器,10
99式林地迷彩服,10
“福克斯”AT,10
阿斯特拉M960转轮手枪,10
87式迷彩作训服,10
九九式短步枪,10
Bison-2冲锋枪,10
比利时轻型通用夜间观察系统,10
萨纳77冲锋枪,10
镁框架雪鞋,10
89四色林地迷彩服（后期版）,10
1985年式7.62毫米轻型冲锋枪,10
QSZ92式半自动手枪,10
PSS微声手枪,10
pp2000冲锋枪,10
内格夫轻机枪,10
M9手枪,10
M65 ERDL迷彩服,10
M200狙击枪,10
64式冲锋枪,10
INSAS突击步枪,10
伯莱塔狙击步枪,10
AN/PVS-7D GenⅢ夜视镜,10
Fort 14 TP手枪,10
国产84S自动步枪,10
三色迷彩服,10
制式半活动叶片仿生伪装服,10
伪装服（枯草沙漠/雪地/林地）,10
“前哨”81毫米火箭筒,10
INSAS机枪,10
阿米巴迷彩服,10
PPS-43冲锋枪,10
PLCE背包,10
“卡尔•古斯塔夫”M3式84毫米火箭筒,10
79式70毫米微型反坦克火箭,10
全身全覆盖式仿生伪装服（雪地）,10
陆自沙漠迷彩服,10
勃朗宁大威力Mark2手枪,10
柯特尔5.56毫米AR-15/M16系列步枪,10
M240B和M240G机枪,10
司登MarkⅡ冲锋枪,10
S37海豹突击队Knife2000匕首,10
雷明登SR8狙击步枪,10
棕色叶片迷彩服,10
92FS型自动装填手枪,10
7.62毫米PSS微声手枪,10
西德沼泽式3型迷彩服,10
波浪网型伪装服,10
AW“隐蔽型”狙击步枪,10
人民手枪,10
哈林顿-理查德森0.38英寸自动退壳型转轮手枪,10
红色虎斑纹迷彩服,10
八一式7.92毫米马步枪,10
03式荒漠迷彩,10
瓦尔梅特M76自动步枪,10
97式霰弹枪(HAWK-12),10
南斯拉夫M79式90毫米火箭筒,10
巴拉贝鲁P’08加长型手枪,10
铁旅兵工厂M40系列狙击步枪,10
C-MORE轻型霰弹枪系统,10
Cougarnet通信系统,10
灰色数码迷彩服,10
L115A3狙击枪,10
杰帕德M2／M2A1自动步枪,10
精确国际AW50F步枪,10
吉亚特FR-F1／FR-F2步枪,10
城市斑点迷彩服,10
PF89式80毫米反坦克火箭,10
精确国际L96A1狙击步枪,10
博斯手动步枪,10
杰里科941式手枪,10
陆军林地迷彩(早期版),10
南斯拉夫M57式44毫米火箭筒,10
“卡尔•古斯塔夫”M2式84毫米火箭筒,10
FN 2000突击步枪,10
拉德姆手枪,10
西格P225手枪,10
BCB风镜,10
四色横纹林地迷彩服,10
SIG SG 553卡宾枪,10
Zastava M59／66自动步枪,10
M1918自动步枪,10
HS95手枪,10
二炮定制四色林地迷彩,10
卡拉什尼科夫1974（AK-74）突击步枪,10
绍尔M38H手枪,10
斯普林菲尔德M1903步枪,10
PA15 9毫米手枪,10
曼纽因MR73转轮手枪,10
伯莱塔9毫米×19毫米92SB型手枪,10
丛林斑点迷彩服,10
蓝色DPM迷彩服,10
“马刀”巡逻包,10
突击队员防弹衣,10
PF97式93毫米云爆火箭,10
西格SG 540／542／543自动步枪,10
97式林地迷彩服,10
新型阻燃特战服,10
西德狙击手专用夹克,10
空降部队林地迷彩服,10
APS突击步枪,10
M99半自动狙击步枪,10
史密斯-韦森625转轮手枪,10
仿制美式三色沙漠迷彩服,10
Zastava M80自动步枪,10
FAMAS G25.56毫米突击步枪,10
沙漠迷彩服,10
美国M4卡宾枪,10
M249班用自动武器,10
97式5.56mm狙击步枪,10
HS 2000手枪,10
施密特-鲁宾M1931卡宾枪,10
SAR 21突击步枪,10
PG M赫式忒Ⅱ步枪,10
05式特战服,10
伯奈利M4超级90霰弹枪,10
勃朗宁自动步枪,10
81式自动步枪,10
Helimun直升机驾驶员的夜视系统,10
二式荒漠斑点迷彩服,10
M82A1M狙击步枪,10
伯莱塔9毫米×19毫米93R型可选射击模式手枪,10
史密斯-韦森M59手枪,10
MK12狙击步枪,10
赫克勒-科赫MP5K冲锋枪,10
AT4反坦克火箭筒,10
m40a5狙击步枪,10
西格P230手枪,10
EPS-21护目镜,10
斯特林L34A1冲锋枪,10
中国1981年式7.62毫米轻机枪,10
CQ突击步枪,10
伪装网巾,10
阿斯特拉M900手枪,10
伯莱塔M93R手枪,10
西德雪地针松迷彩服,10
日本64式自动步枪,10
休斯EX34链式机枪,10
马盖尔卡宾枪,10
CZ 25型冲锋枪,10
Alinco DJ-X10扫描接收机,10
赫克勒-科赫G36自动步枪,10
恩菲尔德0.38英寸Mk I型转轮手枪,10
M20式88.9毫米火箭筒,10
伪装衣,10
林地迷彩服,10
AS狙击步枪,10
西格-绍尔P228手枪,10
卢萨A2冲锋枪,10
Ultimax 100轻机枪,10
伞兵空投包,10
全身全覆盖式伪装服,10
联邦调查局专用武器和战术手枪,10
FN30-11式狙击枪,10
F1冲锋枪,10
浸身服,10
东德土豆/印花迷彩服,10
AK-47突击步枪,10
FN 30-11狙击步枪,10
56-2式冲锋枪,10
西德沼泽式2型/马什迷彩服,10
AGS-17式30毫米榴弹发射器,10
Zastava M76自动步枪,10
M70式手枪,10
NP宇航公司伞兵头盔,10
56式40毫米火箭筒,10
87式林地迷彩服,10
伯莱塔M951手枪,10
陶鲁斯PT52S手枪,10
麻袋布伪装服,10
MGP-84冲锋枪,10
HKM27步兵自动步枪,10
雷明顿M870P霰弹枪,10
迷彩伪装网,10
M72式66毫米火箭筒,10
魏劳奇 HW-9转轮手枪,10
CB-98狙击枪,10
QJY88通用机枪,10
韦伯利0.455英寸MarkIV转轮手枪,10
蓝色叶片连体迷彩服,10
沙漠之鹰手枪,10
鲁格M77步枪,10
Glock 17 手枪,10
07式特战迷彩服,10
伪装网（麻绳编织）,10
赫克勒·科赫PSG 1自动步枪,10
"""美洲狮2000""安全无线电",10
MK11-0型狙击步枪,10
直纹蜥蜴迷彩服,10
笔刷迷彩服,10
纵纹蜥蜴迷彩服,10
苏联RPO-A式93毫米火箭筒,10
CZ97B手枪,10
柯尔特M1911／M1911A1手枪,10
人体型(body pattern),10
毛瑟HSC手枪,10
勃朗宁大威力手枪,10
“丘辟特”ACL-300式70毫米火箭筒,10
TCIM狙击枪,10
中国63式自动步枪,10
毛瑟格韦尔98步枪,10
W03型12.7mm狙击步枪,10
斯普林菲尔德P9手枪,10
鲁格P-85型手枪,10
L86A1/L86A2轻型支援武器,10
比利时光学与精密仪器公司红外线激光目标指示器,10
AS Val微声自动步枪,10
“精英”2000XC,10
12年数码迷彩服,10
“劳”80式94毫米火箭筒,10
绿色版迷彩服,10
普金斯-阿伦0.38英寸安全警用转轮手枪,10
史密斯-韦森M 1917转轮手枪,10
中国56式突击步枪,10
斯太尔TMP冲锋枪,10
斯太尔MPi69冲锋枪,10
西德Leibermuster模式迷彩服,10
米尼冈M134机枪,10
ARX-160单兵武器,10
99式海洋迷彩服,10
SOG Scuba/Demo SSD99,10
早期仿迷彩服,10
MAK-90步枪,10
马卡洛夫手枪,10
上半身半覆盖式伪装服,10
全身覆盖式伪装服（林地色调）,10
赫克勒-科赫HK33E自动步枪,10
MTE224V和MTE224VA手枪,10
格洛克26型手枪,10
三十节7.92毫米重机枪,10
M60E3机枪,10
葆旎（Bolle）护目镜,10
P90TR冲锋枪,10
5850沙漠靴,10
Norge公司军用衬衫,10
石灰笔刷迷彩服,10
E式迷彩服,10
“拳头弹”火箭筒,10
ZB37式重机枪,10
史密斯-韦森第3代9mm手枪,10
亚米纽斯M10转轮手枪,10
81式伪装衣（第1代）,10
精准国际7.62毫米PM狙击步枪系统,10
航自数码迷彩服(试装版),10
勃朗宁BDA380手枪,10
VZ58自动步枪,10
大宇DP51手枪,10
陶鲁斯76转轮手枪,10
冬季迷彩服,10
柯尔特新型海军/陆军/海军陆战队转轮手枪,10
奈特军械公司5.56毫米模块化武器系统,10
MP412 REX左轮手枪,10
比利时光学与精密仪器公司头戴式光学投射系统,10
伯纳德利P-018,10
56型冲锋枪,10
“幻影”系列发送器,10
KY-189智能安全听筒,10
赫克勒-科赫SOCOM Mark 23M0d 0手枪,10
星式M40费尔斯塔手枪,10
CZ83手枪,10
捷克RPG-75式68毫米火箭筒,10
Stgw 57自动步枪,10
阿克顿ECW衬里长筒靴(加拿大),10
柯尔特袖珍型转轮手枪,10
三色沙漠迷彩服（DCU）,10
RSG-12式12号狙击枪,10
法国LRAC式89毫米火箭筒,10
赫克勒-科赫MG4机枪,10
海军陆战队第一款迷彩服,10
HK79式40毫米榴弹发射器,10
80式冲锋手枪,10
97式迷彩作训服,10
马钶特种部队战斗服,10
星式Z-84冲锋枪,10
赫克勒-科赫G3自动步枪,10
1975年式14.5毫米高射机枪,10
新式横条纹迷彩,10
赫克勒-科赫MP5冲锋枪,10
CZ75手枪,10
轮战部队自定迷彩,10
伽利尔突击步枪,10
QBU88式狙击步枪,10
CZ100手枪,10
三色污点伪装衣,10
特种作战防水背包,10
上半身半覆盖式伪装服（林地/森林色调）,10
赫克勒-科赫G41自动步枪,10
JS 7.62mm狙击步枪,10
JS9冲锋枪,10
A-Ⅲ型大空降背包,10
Irvin-GQ公司低空备用伞,10
赫克勒-科赫MP5K-PDW单兵自卫武器,10
89式仿日四色林地迷彩服（早期版）,10
海自数码迷彩服,10
BCBG格斗手套,10
MG42机枪,10
FN警用霰弹枪,10
KS-23/KS-23M“特种卡宾枪,10
丹•韦森转轮手枪,10
全身全覆盖式伪装服（非制式）,10
毛瑟98k卡宾枪,10
AN94自动步枪,10
勃朗宁M1910手枪,10
沙科TRG狙击步枪,10
伪装服（麻绳和棉线编织）,10
Kel-Tec RFB步枪,10
施泰尔特种用途手枪（SPP）,10
0.22RF85型匕首手枪,10
NWU（Navy Working Uniform，海军工作服）,10
阿格拉姆2000冲锋枪,10
勃朗宁M 1917机枪,10
上半身半覆盖式伪装服,10
GB7轻型沙漠靴,10
赫克勒-科赫UMP冲锋枪,10
1956-C式7.62毫米短步枪,10
L和LC5.56毫米步枪,10
cz805bren突击步枪,10
弥勒 0.38英寸特警用转轮手枪,10
瓦尔特PP手枪,10
丛林四色迷彩(BDU),10
波浪网型伪装服,10
赫克勒-科赫P9／P9S手枪,10
史密斯-韦森M39手枪,10
“黄蜂”58式70毫米火箭筒,10
混纺直条纹迷彩,10
OGVN6夜视双目镜,10
比利时光学与精密仪器公司全息夜视镜,10
70式62毫米反坦克火箭,10
雾边（模糊边缘）D型,10
门多萨RM2机枪,10
PPSH-41冲锋枪,10
俄罗斯M1895纳甘转轮手枪,10
碎花迷彩（又称小黄花迷彩）,10
K11自动步枪,10
瓦尔特P88手枪,10
韦伯利0.455英寸WG型转轮手枪,10
柯尔特Mark IV 70／80系列手枪,10
尼奥斯戴德霰弹枪,10
实验污点迷彩服,10
带嵌入物冷湿环境手套（美国）,10
克拉格-约根森步枪,10
李·恩菲尔德No.4步枪,10
蛙鞋,10
CBJ-MS冲锋枪,10
FAD无托突击步枪,10
绿色叶片连体迷彩服,10
韦伯利0.455英寸MarkⅣ／v转轮手枪,10
苏联RPG-2式40毫米火箭筒,10
M68 (Rachot)机枪,10
早期的四色林地迷彩,10
MAB PA-15手枪,10
03式自动步枪,10
伞兵转换套件,10
MDI 0.45手枪,10
杰格佳廖夫DP机枪,10
EBP9毫米EP7手枪,10
杰格佳廖夫RPD机枪,10
AKM自动步枪,10
腰带包,10
试飞团定制迷彩服,10
MP-443乌鸦式手枪,10
史密斯-韦森安全无击锤转轮手枪,10
DS9A冲锋枪,10
免遭窃听的小型手持式无线电,10
特种作战司令部（SOCOM）手枪,10
M3冲锋枪,10
斑点迷彩服,10
5.66毫米ASP水下突击步枪,10
日本大正11年式6.5毫米轻机枪,10
阿斯特拉-卡迪克斯转轮手枪,10
维克托SS77枪机,10
豌豆型(Dot pattern ),10
OTs-14“暴风”突击步枪,10
史密斯-韦森M29/629转轮手枪,10
毛瑟C96手枪,10
KRISS Vector冲锋枪,10
EL/S-e8811车载战术视频接受终端,10
西德大格局分裂式迷彩服,10
美国L6式40毫米榴弹发射器,10
毛瑟M1912军用手枪,10
西格P210手枪,10
NTW20／14.5反器材步枪,10
虎纹斑迷彩服,10
05式林地迷彩服,10
沙漠伪装外套和裤子,10
CL-89,10
伪装服（麻绳、棉线及天然草）,10
泰利斯公司“松鸦”夜视镜,10
二炮仿美虎斑纹迷彩,10
saiga-12 霰弹枪,10
07式改迷彩服,10
PF98式120毫米反坦克火箭,10
“马刀”袋子,10
DPM防风罩衣,10
罗巴QR2-F狙击步枪,10
斯太尔M1912手枪,10
西蒙诺夫SKS半自动步枪,10
温彻斯特M1887霰弹枪,10
"橡树叶A,B型(也叫E,F型)",10
81式伪装衣（第2代）,10
马克沁1910机枪,10
林地迷彩服,10
81式伪装衣（1988年产）,10
勃朗宁M1903手枪,10
司登Mark V冲锋枪,10
杰帕德M1／M1A1步枪,10
AK-12突击步枪,10
柯尔特军官用ACP／ACP LW手枪,10
飞标4,10
维克托R4突击步枪,10
QBZ97自动步枪,10
狙击手伪装服,10
FBP手枪消音器,10
蓝色虎斑纹迷彩服,10
40毫米3管火箭筒,10
79式冲锋枪,10
CT400突击通信系统,10
斯特林冲锋枪,10
L85A1/L85A2单兵武器,10
日本99式机枪,10
汤普森M1928／M1冲锋枪,10
5.56毫米HK短突击步枪,10
SPP-1手枪,10
特殊场合蛙人工具套件,10
鲁格GP100转轮手枪,10
1953年式7.62毫米步骑枪,10
巴雷特Light Fifty M82A1狙击步枪,10
SSG-3000狙击枪,10
林地迷彩服,10
瓦尔特PPK手枪,10
CZ 100/101手枪,10
西格P232手枪,10
法国“阿帕杰克斯”112毫米智能火箭筒,10
SAlGA-410霰弹枪,10
ERO冲锋枪,10
4156沙漠靴,10
西格-绍尔SSG-2000步枪,10
Mk14增强型战斗步枪,10
无线电遥控起爆器,10
斯太尔-曼利夏SSG-69狙击步枪,10
曼利夏-卡尔卡诺M1938步枪,10
伯莱塔AR70／223自动步枪,10
KGP-9冲锋枪,10
非制式迷彩服,10
南斯拉夫RBR-M80式64毫米火箭筒,10
XM174式40毫米榴弹发射器,10
CZ蝎式EVO 3 A1冲锋枪,10
柯尔特蟒蛇转轮手枪,10
05系列夏迷彩服,10
卡拉什尼科夫AKS-74U自动步枪,10
史密斯-韦森0.38/200英国制式转轮手枪,10
9毫米P5型袖珍手枪,10
布伦机枪,10
大宇K7冲锋枪,10
07式城市数码迷彩服,10
五色海洋迷彩服,10
三色水波纹迷彩服,10
DPM迷彩服,10
PM-84／98冲锋枪,10
09年数码迷彩服,10
GLF-90 多联榴弹发射器,10
“长矛”44毫米火箭筒,10
瓦尔特MPK／MPL冲锋枪,10
R5 RGP 卡宾枪,10
5.56毫米G36突击步枪,10
持久自由行动迷彩样式（OCP）,10
赛特迈阿梅利机枪,10
制式伪装网（防红外）,10
美国“巴祖卡”火箭筒,10
德·里斯勒微声卡宾枪,10
温彻斯特防卫者1300式霰弹枪,10
勃朗宁M1919A6机枪,10
赫斯塔尔P90冲锋枪,10
德拉格诺夫SVD狙击步枪,10
柯尔特新制式转轮手枪,10
DShK机枪,10
Ceiner Ultimate,10
BCB弯刀,10
SG550、SG551和SG552“突击队”突击步枪,10
西德变形虫模式迷彩服,10
CZ-700狙击枪,10
9毫米×19毫米乌其手枪,10
加利尔自动步枪,10
法玛斯自动步枪,10
FN SCAR突击步枪,10
陆军林地迷彩服,10
大宇K2突击步枪,10
SV98狙击步枪,10
新型迷彩夏作训,10
M40A3狙击步枪,10
垂直条纹迷彩服,10
恩菲尔德执法者步枪,10
第二代拓展冷天气被服系统,10
03式林地迷彩服,10
日本89式突击步枪,10
台湾数位城镇迷彩服,10
阿斯特拉400手枪,10
伪装服（麻绳和棉线）,10
赫克勒-科赫HK 416自动步枪,10
MG34通用型机枪,10
0.32英寸袖珍型无击锤转轮手枪,10
斯太尔M/S系列手枪,10
山地迷彩服,10
SOG RFB81 X-42 Recondo,10
新机专用夏布飞行服,10
狙击手自制伪装衣,10
西格SG 550／551(Stgw 90)自动步枪,10
PSM手枪,10
RPK-74机枪,10
LASH头戴式耳机,10
雅利金“格拉奇”6P35手枪,10
柯尔特双鹰手枪,10
Coonan手枪,10
新式数位迷彩（三军通用）,10
CQC公司90式迷彩步兵背包,10
曼利夏-卡尔卡诺TS M1891卡宾枪,10
M24式7.62mm狙击步枪,10
赫克勒-科赫HK21机枪,10
赫克勒-科赫P7手枪,10
阿斯特拉A-100手枪,10
PSP M31突击背心(加拿大),10
巡逻包,10
“野马”游泳救护员水母衣,10
迷彩网巾,10
奥卡德狙击步枪,10
9毫米AS特种突击步枪,10
几何迷彩服,10
1967年式7.62毫米通用机枪,10
0.45英寸1911A1型自动手枪,10
维克斯机枪,10
施玛篇头饰,10
斯太尔SPP手枪,10
西格P220手枪,10
7.65毫米PP型手枪,10
98式丛林迷彩服,10
黄色版连头套迷彩服,10
后半身全覆盖式伪装服（枯草色调）,10
9毫米VSS微声狙击步枪,10
勃朗宁M2H B 0.50英寸机枪,10
波浪网型伪装服,10
空降部队荒漠迷彩服,10
马钶丛林靴,10
仿意大利迷彩版,10
空降攻击背包,10
Kirrikale手枪,10
伯莱塔1934型手枪,10
9毫米K5手枪,10
Kel-Tec KSG霰弹枪,10
斯泰尔SSG-04狙击枪,10
“狞獾”（PRM 4740A）跳频手持式收发机,10
热带伪装迷彩服,10
BCB丛林靴,10
马克沁MG08机枪,10
恩菲尔德N0.2（P14型）步枪,10
Irvin-GQ公司LLP MK 1低空降落伞,10
鲁格标准型手枪,10
SR-99狙击步枪,10
西格-绍尔SSG-3000狙击步枪,10
制式仿生连体伪装服,10
萨科M90自动步枪,10
SR-2冲锋枪,10
通用4号迷彩服,10
蓑衣（椰树叶）,10
勃朗宁M1919A4机枪,10
勃朗宁P302式防弹背心,10
南非MGL40毫米榴弹发射器,10
日本“南部”14式8毫米手枪,10
迷彩服I型(旧迷彩),10
02式迷彩服,10
解放者型手枪,10
06式林地迷彩服,10
迷彩跳伞服,10
67式手枪,10
圣·巴巴拉CETME L型突击步枪,10
帕克-黑尔M82步枪,10
数码林地迷彩服,10
C-90-C式90毫米火箭筒,10
64式手枪,10
97式霰弹枪(HAWK-12) 警用型号,10
小艇内部通信系统,10
AGL40 40毫米榴弹发射器,10
沙漠伪装服,10
上半身半覆盖式伪装衣,10
PSG-1半自动狙击步枪,10
SAF冲锋枪,10
Protecta转轮式霰弹枪,10
END200型战斗武装袋,10
CQ-5.56毫米A卡宾枪,10
弗兰基PA7、PA8E、PA8I式霰弹枪,10
三色迷彩服,10
瓦尔特P5手枪,10
波浪网型沙漠伪装服,10
猎豹M1狙击枪,10
Charter Arms探险者转轮手枪,10
隐藏通信器,10
海军灰色数码迷彩服,10
三八式步枪,10
曼利夏回转式枪机步枪,10
巴雷特M98B狙击步枪,10
0.45英寸手枪,10
87式荒漠迷彩冬作训服,10
V-94狙击枪,10
麦德森1946/1950型冲锋枪,10
RM520/540无线收发机,10
帕拉军工P14-45 0.45手枪,10
KH2002（Khaybar）自动步枪,10
M203式40毫米榴弹发射器,10
M65式88.9毫米火箭筒,10
81式伪装衣（1985年产）,10
赫克勒-科赫MP7单兵自卫武器,10
森林及消防迷彩服,10
星式Z-62冲锋枪,10
司登Mark 1冲锋枪,10
B-300式82毫米火箭筒,10
M320榴弹发射器,10
0.38英寸Mark IV型转轮手枪,10
空降部队帆布背包,10
数位迷彩（测试版）,10
艾克洪索尼根马克3格斗匕首,10
RPG-7火箭筒,10
04式林地迷彩服,10
KCB77艾克洪索尼根刺刀,10
Diveguard MK2遇险救助系统,10
毛瑟1910/1934手枪,10
雷明登11-87霰弹枪,10
VKK-15系代偿服,10
伪装服（草原色调）,10
柯尔特冲锋枪,10
全身全覆盖式伪装服,10
贝尔突击步枪,10
苏联RPG-29式105毫米火箭筒,10
M202式66毫米4管火箭筒,10
仿美法迷彩服（测试）,10
勃朗宁M2H B 0.50英寸机枪,10
DPM伞兵罩衣,10
赫克勒-科赫PSG -1自动步枪,10
佳留诺夫SG43机枪,10
北方工业98式霰弹枪,10
四色林地迷彩(武警),10
FN FNC自动步枪,10
A-91突击步枪,10
伪装服（以草为主）,10
M1942 HBT双面迷彩服,10
MM-1式37毫米榴弹发射器,10
台湾T86式5.56毫米步枪,10
“铁拳”3式60毫米火箭筒,10
Zastava M70B1自动步枪,10
维克托SP手枪,10
GAU19/A航空机枪,10
1954年式12.7毫米高射机枪,10
甲式野战服,10
巴雷特XM109狙击步枪,10
SMAW-D83mm火箭筒,10
托卡M65-A308狙击步枪,10
阿斯特拉A-75手枪,10
M1942葡萄叶迷彩服,10
TP-1E/TP-2E防弹衣,10
中国“汉造”七九步枪,10
美国M79式40毫米榴弹发射器,10
柯尔特M1917转轮手枪,10
IMBLE M973/MDl手枪,10
LAR Grizziy Win Mag手枪,10
通用迷彩服,10
OSV-96狙击步枪,10
六色沙漠迷彩服（DBDU）,10
布雷达30型轻机枪,10
07式航空迷彩作训服,10
东德三色变形虫迷彩服,10
HK69A1式40毫米榴弹发射器,10
波兰P-83式手枪,10
卡尔•古斯塔夫45冲锋枪,10
07式数码迷彩服,10
9毫米FN BDA9手枪,10
法国阿皮拉斯112mm火箭筒,10
雪地迷彩服,10
K-50M冲锋枪,10
Mk11式7.62毫米狙击步枪,10
斯太尔-苏罗通MP34冲锋枪,10
坦福利奥TA90手枪,10
杰格佳廖夫DPM机枪,10
全身全覆盖式伪装服,10
棕榈树（椰子树）C型,10
FMK Mod 2 冲锋枪,10
西格P226手枪,10
柯尔特眼镜蛇转轮手枪,10
P-64手枪,10
ZB26式轻机枪,10
QLZ87式35毫米自动榴弹发射器,10
韦伯利Mark III型转轮手枪,10
林地斑点迷彩,10
赫克勒-科赫HK13机枪,10
空降攻击背包,10
99式空降兵四色城市迷彩,10
陆自摩托兵迷彩,10
双面雪地迷彩服,10
PK机枪,10
87式海洋迷彩服,10
苏奥米M1931冲锋枪,10
欧文•约翰逊安全自动转轮手枪,10
MK23消音器,10
M40A1狙击步枪,10
莫辛-纳甘步枪,10
军用雨衣,10
87式城市迷彩服,10
数字迷彩通用战斗服,10
97式突击步枪,10
三色林地迷彩服B,10
M16A4自动步枪,10
Lahti L-35 手枪,10
伯莱塔7.62毫米狙击枪,10
M1879帝国左轮手枪,10
大宇K3机枪,10
Lucie夜视镜,10
FT5式92毫米火箭筒,10
阿尔蒂马克斯机枪,10
KS-23、KS-23M霰弹枪,10
塔沃尔突击步枪,10
海洋迷彩夏装,10
弗兰基SPAS15式霰弹枪,10
阿斯特拉357警用转轮手枪,10
MATIS MP手持式第三代热成像仪,10
FN 1949自动步枪,10
施泰尔5.56毫米AUG步枪,10
9毫米星式30M和30PK手枪,10
迷彩服III型,10
绿色叶片迷彩服套装,10
萨维奇手枪,10
马钶沙漠用靴,10
瓦尔特P99手枪,10
M60／M60E1机枪,10
史密斯-韦森新世纪手动退壳型转轮手枪,10
实验斑点迷彩服B型,10
国产86S自动步枪,10
M21狙击步枪,10
仿美M65四色林地迷彩服,10
马克沁08/15机枪,10
斯太尔AUG伞兵用冲锋枪,10
M24狙击步枪,10
台湾T65式5.56毫米步枪,10
LITE头戴式耳机,10
伪装网（巾）,10
阿斯特拉300手枪,10
NSV机枪,10
国产JS05式12.7MM狙击步枪,10
M60转轮手枪,10
NRS侦察匕首,10
鲁格安全6型转轮手枪,10
阿尔克思94／98DA手枪,10
通用迷彩样式（Universal Camouflage Pattern）,10
T系列装甲,10
史密斯-韦森第3代0.45英寸手枪,10
BCB极地手套,10
85式狙击步枪,10
航自野战迷彩服,10
沙漠迷彩服,10
A-Ⅲ医疗背包,10
杰帕德M3自动步枪,10
BXP冲锋枪,10
仿生伪装服,10
史密斯-韦森M36官员专用转轮手枪,10
LSAT机枪,10
李·恩菲尔德N0.5步枪,10
史密斯-韦森西格玛手枪,10
CZ 52手枪,10
巴拉贝鲁姆P’08手枪,10
7.62毫米精确射手步枪（DMR）,10
伯莱塔M84手枪,10
台湾海军陆战队改版(虎斑纹),10
三色林地迷彩服A,10
玛特49冲锋枪,10
51式90毫米火箭筒,10
鲁格MP-9冲锋枪,10
柯尔特巨蟒转轮手枪,10
“弗格里”80毫米火箭筒,10
巴雷特M90狙击步枪,10
AMR-2型12.7毫米狙击步枪,10
台湾城镇迷彩服,10
实验锯齿式迷彩服,10
SR-9自动步枪,10
点状迷彩（II型）,10
ClS 0.50英寸机枪,10
1985年式7.62毫米微声冲锋枪,10
NM 149S狙击步枪,10
艾克洪索尼根USM7刺刀,10
水兵作战背心,10
精准国际7.62毫米AW狙击步枪,10
89四色林地迷彩服,10
东德雨滴式迷彩服,10
曼利夏直拉式枪机步枪,10
FN9毫米大威力手枪,10
西格-绍尔P229手枪,10
环境袜子系列,10
狙击手城市迷彩服,10
54式手枪,10
李·恩菲尔德SMLEMarkⅢ型步枪,10
ZAGI M91冲锋枪,10
FN FAL自动步枪,10
布朗精密战术步枪,10
贝尔塔95M型步枪,10
柯尔特特种侦探转轮手枪,10
9毫米P7M8和P＆M13手枪,10
FNC5.56毫米突击步枪,10
格洛克17型手枪,10
P1013外部露指手套,10
99式6色沙漠迷彩服,10
ZH-29步枪,10
Skorpion冲锋枪,10
PM-63（Wz63)冲锋枪,10
赫克勒-科赫USP手枪,10
伪装服（可附加植物）,10
VZ52自动步枪,10
06系列迷彩服,10
MAS-49自动步枪,10
三色干旱迷彩服,10
69式40毫米火箭筒,10
安普吉特费尔班匕首,10
星式末格斯塔手枪,10
VSK-94狙击枪,10
艾克洪索尼根Cyprus SF II高级格斗匕首,10
赫克勒-科赫MSG90自动步枪,10
AMT Hardballer手枪,10
M82A2狙击步枪,10
AWP狙击枪,10
P117.62毫米水下手枪,10
制式侦察伪装服（防红外）,10
伯菜塔M92手枪,10
叶片迷彩服,10
弗兰基SPAS12式霰弹枪,10
葡萄叶迷彩服,10
9毫米HS2000手枪,10
莫斯伯格M9200A1式霰弹枪,10
MP44自动步枪,10
斗牛犬转轮手枪,10
Pecheneg通用机枪,10
FG42伞兵步枪,10
鲁格警用6型转轮手枪,10
史密斯-韦森586/686转轮手枪,10
SSG 550狙击手自动步枪,10
航空自卫队新型迷彩作业服,10
特警非制式迷彩服(武警),10
西格-绍尔P239手枪,10
斯太尔Scout步枪,10
AEK-971突击步枪,10
81式伪装衣（五色大叶）,10
”雷柏“迷彩服,10
W03型狙击步枪,10
杰里科(Jericho)手枪,10
MP38冲锋枪,10
海军陆战队作战服MCCUU (MARPAT),10
P-700花岗岩（Granit)（SS-N-19）反舰导弹,11
蜻蜓-2空空导弹,11
M48“小槲树”导弹,11
“耀星”导弹,11
东风-25(DF-25)地地导弹,11
捕食者反坦克导弹,11
“烈火”4（Agni-IV）弹道导弹,11
K-9(AA-4)远距空空导弹,11
尔布斯15 -3,11
80式空舰导弹（ASM-1）,11
"UGM-133三叉戟II（ Trident-II,Trident D5）潜射弹道导弹",11
RBS-15F“尔布斯”空舰导弹,11
SM-65/ CGM-16“阿特拉斯”（Atlas）洲际弹道导弹,11
RS-120导弹,11
伊朗-130导弹（穆萨克-120）,11
东风-4号（DF-4）远程地地战略导弹,11
鹰击201（C-201）岸舰，舰舰导弹,11
“米卡”双用途空空导弹,11
M7战术弹道导弹,11
前卫-3（QW-3）防空导弹,11
中程催格特反坦克导弹,11
赛德阿姆(Side ARM)AGM－122A/B响尾蛇 反辐射导弹,11
空地-63(K/AKD-63)大型空地导弹,11
AR-1反坦克导弹,11
北方(Nord)AS20 空地导弹,11
KAM-3D反坦克导弹,11
“迦伯列”3空舰导弹,11
上游-2反舰导弹,11
红旗-61中低空防空导弹,11
增程型JASSM（JASSM-ER）导弹,11
翠鸟（Martin Pescador）空地导弹,11
P-800“红宝石”（SS-N-26）反舰导弹,11
M-7（8610/CSS-8）短程弹道导弹,11
“矛”-IR舰空导弹,11
猎鹰60N面空导弹,11
红旗-17（HQ-17）地空导弹,11
标枪（Javelin）近程防空导弹,11
SA-N-5“格雷尔/圣杯”防空导弹,11
Hs.293空舰导弹,11
秃鹰(Condor)AGM－53A空地导弹,11
怪蛇-4空空导弹,11
99式/AAM-4空空导弹,11
红箭9反坦克导弹,11
CM-400AKG导弹,11
R-27(AA-10)空空导弹,11
箭-2（Arrow-2）防空导弹,11
标准(Standard)AGM－78反辐射导弹,11
鹰击-81空射型导弹,11
3M54E俱乐部反舰导弹,11
青峰地对地导弹,11
88式岸对舰导弹（SSM-1）,11
天龙10B(TL-10B)空舰导弹,11
Midgetman“侏儒”战略弹道导弹,11
“黛利拉”（Delilah）巡航导弹,11
阿斯派德空空导弹,11
AIM－68“大Q”前空对空导弹,11
AS-6“王鱼” 导弹,11
BGM-109B战斧反舰导弹,11
RIM-24“鞑靼人”舰空导弹,11
“天王星”反舰导弹,11
星爆防空导弹,11
“哈塔夫”-7巡航导弹,11
ZT-3“雨燕”重型反坦克导弹,11
AKD-10反坦克导弹,11
萨姆-10防空导弹,11
长缨一号（CY-1）反舰反潜导弹,11
SS-N-20潜基弹道导弹,11
TM-76“马斯”地地巡航导弹,11
Sakr-80导弹,11
UUN-125“海长矛”潜潜导弹,11
前卫-18(QW-18)便携式防空导弹,11
X-20（AS-3）地空导弹,11
萨姆-14防空导弹,11
海镖（Sea Dart）导弹,11
姆腊斯姆(MRASM)AGM－109中距空地导弹,11
鹰击-81（YJ-81/C－801K）空射型导弹,11
鹰击601（C-601）反舰导弹,11
9M114(AS-8/AT-6/AT-9) 反坦克导弹,11
蓝箭-7空地导弹,11
“白杨”-M/SS-27洲际弹道导弹,11
铠甲-S1防空系统,11
马索戈（Mathogo）反坦克导弹,11
X-41反舰导弹,11
红鸟3号(HN3)巡航导弹,11
ASM-3空舰导弹,11
萨姆-6（SA-6）防空导弹,11
萨姆-20防空导弹,11
K-8(AA-3)空空导弹,11
红旗-16(HQ-16)中程防空导弹系统,11
BGM-109G战斧陆射巡航导弹,11
Kh-35“天王星”反舰导弹,11
霹雳-3(PL-3)空空导弹,11
鹰击-91(YJ-91/C-901)高速反辐射/反舰导弹,11
“天剑”Ⅱ型空空导弹,11
93式近程地对空导弹,11
X-7“小红帽”导弹,11
“天弓”I 型地空导弹,11
杰里科-2B（Jericho-2B）弹道导弹,11
9K37“山毛榉”（SA-11“牛虻”）防空导弹,11
黄铜骑士舰空导弹,11
“大浦洞” 弹道导弹,11
90式（AAM-3）空空导弹,11
R-77中距空空导弹,11
R-33(AA-9)空空导弹,11
天狮星（SSM-N-8）巡航导弹,11
动能-2（DN-2）型高轨反卫星导弹,11
“海神”C3 潜射弹道导弹,11
红旗-7（FM-90/FM-80）低空防空导弹,11
AGM-129 阿克姆 (Advanced Cruise Missile),11
斯腊姆(SRAM)AGM－69A/B近距攻击导弹,11
“哈塔夫”-3弹道导弹,11
CKEM反坦克导弹,11
萨姆-5地对空导弹,11
猎鹰-60(LY-60)陆基、舰载中空防空导弹,11
АПР-2Э航空反潜导弹,11
AGM-158联合防区外空地导弹（JASSM）,11
"9K33 ""黄蜂 Osa""（SA-8 ""壁虎 Gecko""）防空导弹",11
KC-1（AS-1）空航导弹,11
海鹰-2甲(HY-2A）岸舰导弹,11
“阿斯派德”2000面对空导弹系统,11
“哈塔夫”-6/“沙欣“-2弹道导弹,11
阿玛特（ARMAT）反雷达导弹,11
火百合地空导弹,11
东风-21号（DF-21）中程地地战略导弹,11
“烈火”2弹道导弹,11
红旗-61B防空导弹,11
SM-62“蛇鲨”远程核巡航导弹,11
长剑防空导弹系统Rapier,11
霹雳-9（PL-9）空空导弹,11
“天弓”Ⅱ型地空导弹,11
"""阿斯特拉""中程空对空导弹",11
M9战术弹道导弹,11
R-73近程空对空导弹,11
“吹管”便携式防地空导弹,11
THAAD 末端高空区域防御系统,11
绿色奶酪(Green Cheese)空面导弹,11
 “民兵” 洲际弹道导弹,11
北方（Nord）AS10 反坦克导弹,11
东风-31（DF-31）准洲际弹道导弹,11
“大地”1 导弹,11
C-704反舰导弹,11
X-66/23/27(AS-7) 空地导弹,11
“大猎犬”战略空地巡航导弹,11
霹雳-1空空导弹,11
AGM-84捕鱼叉（Harpoon）,11
AT-12旋风反坦克导弹,11
NSM隐形反舰导弹,11
UGM-27A“北极星A1”式潜射弹道导弹,11
S-75德维纳河/SA-2导线舰空导弹,11
玄武-3远程巡航导弹,11
百舌鸟(Shrike)AGM－45A/B反辐射导弹,11
Al-Raid导弹,11
前卫-19（QW-19）防空导弹,11
LGM-118A“和平卫士”（Peacekeeper）洲际弹道导弹,11
霹雳-6(PL-6)空空导弹,11
FLS-1舰载近程防空导弹系统,11
CM-802AKG空对地导弹,11
红头（Red Top）空空导弹,11
红旗-19(HQ-19)地空导弹,11
AGM-86B/C空射巡航导弹,11
CL-843海鸥（Sea Skua ASM）空舰导弹,11
怪蛇-3空空导弹,11
“伊斯坎杰尔”－E战术弹道导弹,11
LG天马导弹,11
“标准”Ⅳ(SM-4)对陆攻击型,11
96式反坦克多用途导弹,11
3M-80MBE“白蛉”超音速反舰导弹,11
天剑1空对空导弹,11
“布拉莫斯”超声速反舰导弹,11
海鹰-3（HY-3/C-301）反舰导弹,11
R-60(AA-8)空空导弹,11
毒蛇导弹,11
“莱茵女儿”地空导弹,11
鹰击-8A（YJ-8A/C-801）反舰导弹,11
蝴蝶地空导弹,11
前卫-lA（QW-1A)全天候防空导弹武器,11
前卫-1(QW-1)便携式防空导弹,11
萨姆-16防空导弹,11
AIM-120中程空对空导弹,11
罗伯特RB04（Robot RB04） 空舰导弹,11
鹰击-7(YJ-1/C-701)轻型反舰导弹,11
鹰击802（C-802）反舰导弹武器系统,11
红旗-12防空导弹,11
北方(Nord)AS30 空地导弹,11
B611“枕木”短程战术弹道导弹,11
“哈塔夫”-4弹道导弹,11
C802A反舰导弹（鹰击82）,11
东风-11号（DF-11/M-11）近程地地战术导弹,11
Kh-59空地导弹,11
“大力神” 洲际弹道导弹,11
SS－25战略弹道导弹,11
火光（Firestreak)空空导弹,11
特里福姆反坦克导弹,11
“阿斯姆”-1/80式空舰导弹,11
增强型海麻雀(ESSM)导弹,11
意大利“火星”反舰导弹,11
鹰击301（C-301）反舰导弹,11
VGM-27B“北极星”A2潜射弹道导弹,11
谢夫里2空空导弹,11
红旗3号防空导弹,11
闪电-10（SD-10/PL-12）超视距空空导弹,11
AIM-7“麻雀”空空导弹,11
“绿箭”反坦克导弹,11
萨姆-9防空导弹,11
93式空对舰导弹 （ASM-2）,11
90式舰对舰导弹（SSM-1B）,11
红旗2号中高空防空导弹,11
X-22(AS-4) 空地导弹,11
红旗-9(HQ-9)远程防空导弹系统,11
2C6M“通古斯卡”（SA-19）防空导弹,11
罗伯特RB05 空地导弹,11
KN-02近程弹道导弹,11
海鹰－1J(HY-1J）反舰导弹,11
特塞奥（Teseo ）舰舰导弹,11
霹雳-2（PL-2）近程空对空导弹,11
“巴姆斯”RBS23全天候防空导弹,11
AGM-65“小牛”空对地战术导弹,11
菊花反坦克导弹,11
“烈火”3地地导弹,11
X-101/102空射亚声速战略巡航导弹,11
SA-N-3“高脚杯”（goblet）/“风暴”（Storm）防空导弹,11
北方（Nord）AS11 空地导弹,11
海红旗-7(HHQ-7)舰空导弹,11
MGM-1斗牛士（Matador）地对地巡航导弹,11
鹰击-63（YJ-63）型电视制导空地导弹,11
C-125“小羚羊”（SA-3“果阿”）防空导弹,11
东风-3号（DF-3）中程地地战略导弹,11
“V-1”空地导弹,11
石榴石亚声速巡航导弹,11
马特拉(MATRA)R530 空空导弹,11
9K38 Igla 针式导弹(SA-18),11
海鹰-2乙（HY-2B）反舰导弹,11
火星（Hwasong）7型弹道导弹,11
马尔卡拉反坦克导弹,11
鹰击801反舰导弹,11
“昆吾”反坦克导弹,11
“标准”Ⅲ(SM-3)反弹道导弹,11
萨姆-15防空导弹,11
SM-64A超音速洲际巡航导弹,11
“飞蠓”80地空导弹,11
"""霍特""（HOT）反坦克导弹",11
“陆盾”2000(LD2000)型近程防空武器系统,11
猎犬 AGM-28A/B 战略空地导弹,11
DF-41“东风-41”（CSS-X-10）洲际弹道导弹,11
猎迷（Nimrod）反坦克导弹,11
红箭8反坦克导弹,11
天燕-90(TY-90)空空导弹,11
星光(Starstreak)便携防空导弹,11
X-31Ⅱ/X-31A(AS-12)反辐射/反舰导弹,11
红缨-6（FN-6）单兵便携式防空导弹,11
怪蛇-5空空导弹,11
FIM-92毒刺导弹,11
胜利者/征服者导弹,11
RBS15型反舰导弹,11
红箭73反坦克导弹,11
3M25“陨石”超声速空射巡航导弹,11
流星超视距空空导弹(BVRAAM),11
MGM-134“侏儒” Midgetman战略弹道导弹,11
红旗1号（HQ-1）中高空防空导弹,11
红鸟2000(HN2000)巡航导弹,11
“烈火”1地对地弹道导弹,11
西北风（Mistral）便携式地空导弹,11
阿斯姆普（ASMP）中距空地导弹,11
红鸟1号(HN1)巡航导弹,11
9M17反坦克导弹,11
瀑布地空导弹,11
04式/AAM-5空空导弹,11
“猎豹”（Ingwe）反坦克导弹,11
AJ168/AS37空舰/反雷达导弹,11
C-25л半主动激光制导空地导弹,11
91式空对舰导弹（ASM-1C）,11
R-4R(AA-5)导弹空空导弹,11
FL-3000N飞弩防空导弹武器,11
红箭10(AFT-10)重型反坦克导弹,11
“弯刀”空空导弹,11
短号反坦克导弹,11
米兰（MILAN）反坦克导弹,11
奥托马特反舰导弹,11
SA-N-6“雷声”舰对空导弹,11
"RUR-5A""阿斯洛克""舰潜导弹",11
BGM－109C型战斧规对陆攻击导弹,11
IRIS-T空空导弹,11
Hs293空舰导弹,11
AJ168/AS37/玛特尔空舰反雷达导弹,11
“杰里科”-1（Jericho-1）地空导弹,11
蓝剑(Blue Steel)战略空地导弹,11
RIM-66D“标准Ⅱ”舰空导弹,11
AS34/鸬鹚空舰导弹,11
Kh-31系列空舰导弹,11
SAM-7“格雷尔”SA-7防空导弹,11
AIM-7“海麻雀”空空导弹,11
K-12Б 空航导弹,11
“大地”海军型（“丹奴什”或“长弓”）导弹,11
红旗-18(HQ-18)多功能防空系统,11
AIR-2“妖怪”（Genie）,11
AIM-54“不死鸟”空对空导弹,11
“阿帕奇-C”巡航导弹,11
AIM-9X近距空空导弹,11
东风-2号（DF-2)中程地地战略导弹,11
ASMP巡航导弹,11
鹰击-83（YJ-83/C-803）反舰导弹,11
前卫-11（QW-11）便携式防空导弹,11
巨浪-2（JL-2/CSS-N-4）潜射洲际弹道导弹,11
鹌鹑 ADM-20 诱惑导弹,11
S400远程防空导弹,11
雄风-2反舰导弹,11
X-15空射巡航导弹,11
M11战术弹道导弹,11
海基K-15弹道导弹,11
叩头虫2(Skipper)AGM－123A空地导弹,11
蓝箭-7(AKD10)机载反坦克导弹,11
哈姆(HARM)AGM－78高速反辐射导弹,11
火星（Hwasong）6型弹道导弹,11
海狼（Sea-Wolf )防空导弹,11
91式“凯科”地空导弹,11
东风-5号（DF-5）洲际地地战略导弹,11
哈塔夫-8“雷电”空基巡航导弹,11
SS-24战略弹道导弹,11
MAA-1 空空导弹,11
鹰击1(YJ-1/C-101)舰载反舰导弹,11
霍克(hawk）地空导弹,11
“烈火”5（Agni-V ）远程弹道导弹,11
Condor II弹道导弹,11
鹰击-61(YJ-6/C-611)空舰导弹,11
Х-35(AS-17)反舰导弹,11
萨姆-1防空导弹,11
长钉反坦克导弹家族,11
小猎犬(RIM-2)舰空导弹,11
前卫-4（QW-4）防空导弹,11
奥托马特导弹,11
蜻蜓(Shafrir)1空空导弹,11
云母导弹,11
BGM－109A战斧（Tomahawk）对陆核攻击型,11
“飞鱼”空舰导弹,11
R-23(AA-7)空空导弹,11
A3M超视距空空导弹,11
东风-1号（DF-1）近程地地战略导弹,11
杰里科-3导弹,11
海红旗-9(HHQ-9)防空导弹,11
鹰击-12(YJ-12/CM-400AKG)超音速反舰导弹,11
R-3R/K-13(AA-2)空空导弹,11
山毛榉-M1-2（萨姆-17/SA-17）防空导弹,11
小斗犬(Bullpup)AGM-12 空地导弹,11
“掠夺者”反坦克导弹,11
Kh-59空地(舰)导弹,11
霹雳-8(PL-8)空空导弹,11
大黄蜂(Hornet)AGM－64A空地导弹,11
ASRAAM近距格斗空空导弹,11
鹰击82-潜射反舰导弹(YJ-82/C-802),11
海尔法反坦克导弹,11
“轻剑”防空导弹系统,11
RIM-66A 标准-1（SM-1）中程导弹,11
“刺猬”舰对空导弹,11
萨姆-12防空导弹,11
“红眼睛” （FIM-43）便携式防空导弹,11
“空地-88”(KD-88)远程空对地导弹,11
“沙蛇”反坦克导弹,11
P.3T/海鹰（Sea Eagle）,11
新87式中型马特反坦克导弹,11
前卫-1M(QW-1M)便携式防空导弹系统,11
长剑-10/东海-10巡航导弹,11
雄风-3反舰导弹,11
R.550“魔术”红外近距格斗导弹,11
9K38 Igla 针式导弹(SA-N-10),11
R-40(AA-6)空空导弹,11
CAMM通用防空模块化导弹,11
海参（Sea Slug）中程防空导弹,11
AS30L 空地导弹,11
鹰击803 反舰导弹,11
特萨姆（TSSAM）AGM-137三军防区外攻击导弹,11
沙蛇反坦克导弹,11
FGM-148标枪导弹,11
“德比”超视距空空导弹,11
C-704KD空射反舰导弹,11
KAM-9反坦克导弹,11
萨姆-13防空导弹,11
“高里”-1弹道导弹,11
79式“重马特”反坦克导弹,11
RBS90防空导弹,11
X-4 (RK-344)空空导弹,11
杰里科-2（Jericho-2）远程弹道导弹,11
火闪（Fireflash） 空空导弹,11
“麦夫”反坦克导弹,11
AAM-2空空导弹,11
M18战术弹道导弹,11
C602反舰导弹（鹰击-62）,11
海鹰-1甲(HY-1A）岸/舰舰导弹,11
3M54 俱乐部（SS-N-27炎热）,11
巨浪-1（JL-1/CSS-N-3）潜射弹道导弹,11
霹雳-4（PL-4）空空导弹,11
雷鸟（Thunderbird）导弹地空导弹,11
AT-6螺旋反坦克导弹,11
硫磺石反坦克导弹,11
谢夫里1空空导弹,11
红旗-15(HQ-15)中远程防空导弹,11
海猫(Sea Cat)舰空导弹,11
AS-15-TT反舰导弹,11
AAM-1空空导弹,11
征服者-110导弹（NP-110）,11
捷羚式防空武器系统,11
UGM-96A“三叉戟”I(C4)潜射弹道导弹,11
“上游”-1/“上游”-1甲舰舰导弹,11
海鹰-1(HY-1）反舰导弹,11
SS-23地地战术弹道导弹,11
龙胆草地空导弹,11
霹雳-7(PL-7)空空导弹,11
阿巴斯（APACHE）远距空地导弹,11
突眼（Popeye）AGM-142 空地导弹,11
MIM-104“爱国者”（Patriot）地空导弹,11
阿拉姆(ALARM)空射反辐射导弹,11
日本64式“马特”反坦克导弹,11
Teseo-Mk2“特塞奥”反舰导弹,11
“V—2”弹道导弹,11
AIM-4 “猎鹰”（Falcon）空空导弹,11
褐雨燕（Swift）ZT3反坦克导弹,11
Kh-29(AS-14)空地(舰)导弹,11
罗兰特防空导弹,11
霹雳-5(PL-5)空空导弹,11
杰索伍（JSOW）AGM-154联合防区外发射武器,11
飞鱼式反舰导弹（Exocet),11
雄风-1舰舰导弹,11
飞腾-2000（FT-2000）反辐射地空导弹系统,11
陶式反坦克导弹,11
比尔（BILL）RBS-56反坦克导弹,11
J-201型反坦克导弹,11
哈塔夫-1（Hatf-I ）地地导弹,11
火星（Hwasong）5型弹道导弹,11
“紫苑”系列舰空导弹,11
埃弗格姆反坦克导弹,11
旋火（Swingfire）反坦克导弹,11
海鹰－2(HY-2/C-201)岸舰导弹,11
VGM－27C“北极星”A3潜射弹道导弹,11
“红鲨鱼”反潜导弹,11
Kh-55(AS-15) 空射巡航导弹,11
X-1（Fritz X),11
依尔依斯特(IRIS-T)空空导弹,11
“红缨”-5(HN-5)便携式防空导弹,11
GBU-10、12系列空空导弹,11
爱吐斯（Airtos）空舰导弹,11
海鹰-4(HY-4/C-201W) 岸舰导弹,11
天空闪光（Sky Flash）空空导弹,11
企鹅反舰导弹,11
AGM-130空地导弹,11
日本03式（SAM-4）中程地空导弹,11
K-10(AS-2)空地导弹,11
“劳动”（Ro-dong）弹道导弹,11
“拉姆”（RAM）防空导弹,11
矮脚鸡（Bantam）RB53反坦克导弹,11
K-5(AA-1)空对空导弹,11
箭-3式防空导弹,11
前卫-2（QW-2）单兵便携式防空导弹,11
AIM-9“响尾蛇”（Sidewinder）空空导弹,11
H-4超视距中程空空导弹,11
红鸟2号(HN2)巡航导弹,11
日本81式“短萨姆”近程防空导弹,11
9K79地地战术弹道导弹,11
红缨-5甲(HN-5A)便携式防空导弹,11
飓风战斗机（Hurricane),12
Bf 162轰炸机,12
B-25/PBJ“米切尔”,12
马基（SIAI-马歇蒂）SF.260特技飞行与武器教练机,12
DC-6/C-118/举重霸王四发活塞式中程客机,12
CN-235双发涡轮螺旋桨短程客机,12
Do 335箭式战斗机,12
新舟600,12
麦道直升机公司MD“探险者”双发涡轮轻型直升机,12
XF13C战斗机,12
O-49/L-1“警戒”观察机,12
F-14“雄猫”战斗机,12
PBM“水手”,12
KT-1“雄蜂”(韩国) 基础/高级教练机/攻击机,12
贝尔222双发涡轮轴中型直升机,12
歼-11战斗机,12
霍克800/900双发涡轮风扇中型公务机,12
Sino Swearingen SJ30 双发涡扇轻型公务机,12
 RQ-8“火力侦察兵”,12
X-33试验机,12
雅克-112,12
CR.32战斗机,12
罗克韦尔“佩刀客机”双发行政专机,12
R3Y“信风”,12
贝兰卡17“北欧海盗”单发活塞式轻型旅行飞机,12
波音707中远程客机,12
Me P.1101战斗机,12
C-295运输机,12
Piper PA-28“切诺基”(单发活塞式轻型旅行飞机,12
寇蒂斯-R3C水上飞机,12
幻影4000战斗机,12
剑鱼式鱼雷轰炸机（Swordfish）,12
初教-5,12
CR.32-箭式战斗机,12
X-6试验机,12
西科斯基S-61双发涡轮中型直升机,12
米-26“光环”双发涡轮重型直升机,12
F/FB/EF-111战斗轰炸机,12
图-160“海盗旗” 远程轰炸机,12
A/B-26/JD“入侵者”,12
直-9炮兵校射型,12
苏-25改进型/苏-25TM/苏-39,12
RQ-180无人隐形侦察机,12
BF2C单发单座双翼战斗机,12
塞斯纳421“金鹰”双发活塞式公务机,12
N2T“导师”,12
Maule M-4/M-77M9“火箭”/“彗星“/“猎户座”单发活塞式轻型短距起降飞机,12
P-26战斗机,12
T-39 “佩刀客”,12
C-12& RC-12“护栏”运输机和电子情报飞机,12
SOKO G-4“超海鸥” 喷气式武装教练机,12
BZK-005高空大航程无人机,12
运-8F200民用货运飞机,12
PZL-104Wilga单发活塞式轻型通用飞机,12
A-16俯冲轰炸机,12
YC-43“旅行家”联络机,12
苏-37战斗机,12
Re.2001战斗机,12
图-119轰炸机,12
格鲁曼G-159“湾流”Ⅰ双发涡轮螺旋桨行政运输机,12
米格-9,12
德哈维兰大黄蜂（Hornet）战斗机,12
Jetstream31双发涡轮螺旋桨短程通勤飞机,12
直-9G,12
He 115水上轰炸机,12
空中客车A318,12
阿米奥-143（Amiot-143）轰炸机,12
BQM-34火蜂无人机,12
C-47/R4D 运输机,12
JRM“火星”海上运输飞艇,12
T2V/T-1“海星”,12
运-8F600,12
纽波特17战斗机,12
霍尔PH,12
D1A九四/九六式俯冲轰炸机,12
R6D-8/C-118“举重霸王”,12
Ki-32/98式俯冲轰炸机,12
AH-2A“石茶隼”,12
塞斯纳310/320“高空骑士”双发活塞式轻型飞机,12
ASP预警机,12
AJ/A-2“野人”,12
塞斯纳182“高空走廊”单发活塞式轻型飞机,12
米格-110客货两用飞机,12
SB2U“辩护者”,12
米-17-V5,12
波音FB-1,12
英俊战士（Beaufighter）重型战斗机,12
维克斯威灵顿式中型轰炸机,12
翼龙无人机,12
EH-101“灰背隼”,12
AC312民用双发多用途直升机,12
STN阿特拉斯公司KZO,12
绝影-8无人飞行器,12
A-5/RA-5“民团团员” 轰炸机/侦察机,12
RAH-66“科曼奇”,12
雅克-15战斗机,12
九试单座战斗机,12
Piper PA-28R“切诺基·箭” 单发活塞式轻型旅行飞机,12
A-31/35“复仇者”,12
大鹏战斗机（Roc）,12
伊尔-10攻击机,12
安东诺夫设计局 安-74-300战术运输机,12
米里设计局 米-34“蜂鸟”单发轻型直升机,12
Ki-27/97式战斗机,12
“幻影”2000D/N攻击机,12
F-106“三角标枪”截击机,12
Lake LA-4“海盗”/“背叛者”/“海狼”/“海怒” 单发活塞式轻型水陆两用飞机,12
B-10/12/14,12
B-36“和平卫士”,12
比奇76“公爵夫人”双发活塞式轻型飞机,12
教练-8/K-8“喀喇昆仑山”,12
“幻影”Ⅲ/5/50喷气战斗机,12
安东诺夫设计局 安-148 短程客机,12
T-35“魔鬼”基础教练机,12
ASN-1轻型无人机,12
蛟龙600水陆两用飞机,12
KF-X战斗机,12
F-5L巡逻机,12
C-22,12
ASN-105,12
苏-15战斗机,12
C-141“举重星”,12
中航工业西飞运-7（新舟60）涡桨支线客机,12
雅克-17战斗机,12
Y8J空中警戒机,12
运-12II型飞机,12
运教5,12
雅克-6双引擎多用途飞机,12
Ki-60试作战斗机,12
巴特尔（Fairey Battle）轰炸机,12
J1N1-S月光夜间战斗机,12
直-9A,12
“日蚀”500 双发涡轮风扇甚轻型公务机,12
波音C-135系列特殊用途飞机,12
伊尔-62/文豪四发涡轮风扇远程客机,12
PWS-10战斗机,12
B-58“盗贼”,12
Gamecock“斗鸡”式战斗机,12
EC225直升机,12
KC-100通用飞机,12
运-12F轻型多用途飞机,12
ki-36/98式直接协同侦察机,12
“幻影”2000防空／多用途战斗机,12
He 177鹰狮式轰炸机,12
图-154MD电子战飞机,12
AS565黑豹运输机,12
运-8CA,12
波音C型,12
P-40 “战鹰/小鹰”,12
P-51B/C“野马”,12
C6N彩云舰上侦察机,12
Ki-91试作远距离爆撃机,12
X-47A飞马试验机,12
ASN-206无人机,12
骆驼战斗机（Sopwith Camel）,12
C-46 “突击队员”,12
UO/FU双翼观察机,12
Ki-61飞燕/三式战斗机,12
J8M1秋水局地战斗机,12
Ki-43隼/1式,12
B-18轰炸机,12
神龙特殊攻击机,12
霍克1000双发涡轮风扇远程中型公务机,12
B-24“解放者”,12
J-10B战斗机,12
Ki-102/四式战斗袭击机,12
F4D/F-6“天光”战斗机,12
OS2U“翠鸟”,12
A1N三式舰上战斗机,12
阿米奥-340（Amiot-340）轰炸机,12
伊尔-96四发涡轮风扇远程客机,12
A-6“入侵者”攻击机,12
伊尔-4/Il-4/DB-3轰炸机,12
AF-2“守护者”反潜机,12
卡曼K-MAX单发涡轮外挂起重直升机,12
雅克-4 型侦察/轰炸机,12
B-24“贼鸥”（Skua）式战斗轰炸机,12
拉格-3战斗机,12
"F11F/F-11'“虎""",12
以色列飞机工业公司“阿拉瓦”双发涡桨轻型短距起降飞机,12
Ki-51/九九式袭撃机,12
直-9W,12
CRJ100/200双发涡轮风扇支线客机,12
比奇23Musketeer单发活塞式轻型飞机,12
T-33/TV-2,12
直-8AEW,12
“湾流”V／G500／G550 双发涡轮风扇大型超远程公务机,12
Ju 89轰炸机,12
阵风战斗机,12
三菱T-2高级喷气教练机,12
NE-12B橘花攻击机,12
里尔35,12
FD/FH“鬼怪”,12
楔尾预警机,12
C-5“银河”,12
SB轰炸机,12
CL-1200/X-27枪骑兵,12
DH98蚊式（Mosquito）轰炸机,12
空中客车A320,12
Re.2000战斗机,12
XB-70瓦尔基里轰炸机,12
容克斯G.38,12
北美T-28 “特洛伊人/游牧民”,12
先锋RQ-2无人机,12
歼教5,12
BAE10系统公司“不死鸟”,12
西卡德新概念微型无人机,12
13式舰上攻击机,12
F-51D“野马”MK2,12
九O式二号水上侦察机,12
RQ-170“哨兵”无人机,12
SH-60B“海鹰”舰载反潜直升机,12
“虎蛾”式教练机,12
萨博105(Sk 60)基础/高级喷气教练机/轻型攻击机和侦察机,12
幻影F1战斗机,12
西科斯基S-64“高空吊车”双发涡轮重型起重直升机,12
西飞轰-6中型轰炸机,12
He 112战斗机,12
PBY“卡特琳娜”,12
C-124“环球霸王”,12
塞斯纳680“君主”双发涡轮风扇中型公务机,12
MC.202-雷电战斗机,12
BV 222”维京“水上飞机,12
雅克-24 运输直升机,12
SATIC超级运输机“大白鲸”,12
KC-767空中加油机,12
K-7巨型轰炸机,12
“新舟”60涡桨支线飞机,12
伊尔-76“耿直”四发涡轮风扇中远程运输机,12
Learjet45双发涡扇中型公务机,12
贝尔UH-1Y 和 AH-1Z 双发战地直升机,12
HJT-16“光线”基础/高级喷气教练机,12
苍穹(Westland Welkin)战斗机,12
海怒战斗机（Hawker Sea Fury）,12
鹰-75战斗机,12
运-8D/DI/DII民用飞机,12
Me 410大黄蜂战斗机,12
C-21优先空运飞机／医疗救助飞机,12
CH-47“支奴干”中型运输直升机,12
歼-20战斗机,12
WG.13“山猫”多功能军用直升机,12
C-82“邮船”和C-119/R4Q“飞行车厢”,12
马基（阿莱尼亚)MB-346高级喷气教练机,12
雅克-141战斗机,12
福克F-10商业飞机,12
X-15试验机,12
波音727三发涡扇短程客机,12
B-2“幽灵” 战略轰炸机,12
MD-80双发涡轮风扇短程客机,12
P1Y2-S/极光夜间战斗机,12
CM.170教师双座双发喷气教练机,12
Piper PA-31“纳瓦霍人”双发活塞式公务机,12
贝尔212直升机,12
达索“猎鹰”2000双发涡轮风扇远程宽体公务机,12
BAeJetsteam 41双发涡轮螺旋桨短程通勤飞机,12
XF-108轻剑战斗机,12
X-49试验机,12
苏-17攻击机,12
GAF“牧民”双发涡桨轻型短距起降飞机,12
S-80/SH-53E “超种马”(美国) 突击和MCM直升机,12
13试双发陆上战斗机,12
CR.42-箭式战斗机,12
运-20,12
G.91战斗机,12
茲林Z-37通用飞机,12
FJ/F-1“狂怒”,12
 萨博340双发涡桨短程支线客机,12
US-1A/US-2(日本) 搜索救援水陆两用飞机,12
S1A电光Denko夜间战斗机,12
塞斯纳T303“十字军战士”双发活塞式轻型企业飞机,12
雅克-130 高级教练机,12
安-30,12
SC“海鹰”,12
L-23“塞米诺尔”,12
A330 MRTT空中加油机/运输机,12
JL9“山鹰”教练机,12
雅克-11中级教练机,12
达索“猎鹰”900三发涡轮风扇远程公务机,12
“哨兵”R.1地面监视飞机,12
JAS 39鹰狮战斗机,12
初教-6A基础教练机,12
歼教-7型,12
月神无人机,12
Ta 183战斗机,12
恩斯特龙480单发涡轮轴轻型直升机,12
G4M/一式陆上攻击机,12
MB-339高级教练机/轻型攻击机,12
D-21侦察机,12
PL-1介寿号初级教练机,12
AH-6“小鸟”直升机,12
F/RF-84F“雷电”,12
比奇“空中国王”90/100双发涡桨公务机,12
福克F27/福克50/60海上巡逻机和运输机,12
ATD-X心神试验机,12
PZL P.6战斗机,12
歼-7型战斗机,12
AT-8/17/UC-78“短尾猫”,12
A-8/PQ-8/TOC-2,12
运-8H,12
川崎OH-1 侦察/观察直升机,12
雅克-28战斗机,12
B/RB-47“同温层喷射”,12
JF/J2F“鸭子”,12
波音-737双发涡扇短程客机,12
比奇65 “空中女王”双发活塞式轻型通用飞机,12
塞斯纳650“奖状”III／Ⅵ／Ⅶ 双发涡轮风扇中型公务机,12
西锐SR20/SR22单发活塞式轻型个人飞机/公务机,12
ki-46/百式司令部侦察机,12
J5N天雷双发重型战斗机,12
PZL P.24战斗机,12
F-80/TO/TV“流星”喷射战斗机,12
L-13,12
I-蚊蚋-ER无人驾驶飞行器,12
图-204/214双发涡轮风扇中程客机,12
费尔康707预警机,12
SH-2G“超海妖”轻型机载多用途直升机,12
水轰-5水上反潜轰炸机,12
S-312巨嘴鸟(Tucano) 教练机,12
Ki-74试作远距离侦察爆撃机,12
兹林Z-50通用飞机,12
EP-3E侦察机,12
麦克唐纳F-15E“打击鹰” 双座双发打击战斗机,12
P-8“海神”反潜巡逻机,12
莽汉战斗机（Hotspur）,12
Aeroprogress/ROKS-Aero T-101Grach通用飞机,12
洛克希德L1011“三星”三发涡轮风扇中程客机,12
A3D/A-3“空中战士”,12
YC-125“袭击者” 运输/搜救机,12
F-82“双野马”,12
格鲁曼FF/SF,12
AT-7/11/C-45和JRB/SNB单翼轻型运输机／教练机,12
霍克400双发涡轮风扇喷气式公务机和军用教练机,12
G5N深山/13试陆基轰炸机,12
PZL P.7战斗机,12
MQ-9无人机,12
米格-31战斗机,12
F-1战斗机,12
F3D/F-10“空中骑士”,12
BT-13/15和SNV-1/2“勇士”,12
夜间入侵者,12
F9F-9“美洲狮”轰炸机,12
比奇“空中国王”200/300双发涡桨轻型公务机和多用途运输机,12
肖特330双发涡桨短程支线客机,12
E-3“望楼”AWACS空中预警和控制飞机,12
Ca.4轰炸机,12
塞斯纳560“奖状”V/“超奖状”/“奖状加演”双发涡轮风扇中型公务机,12
贝尔412双发涡轮轴中型直升机,12
EA-18G“咆哮者”电子战机,12
“海象”水上飞机,12
雅克-18T,12
苏-7/装配匠-A战斗轰炸机,12
INTA公司ALO,12
AS 532“美洲狮”中型运输直升机,12
PB2Y“科罗娜多”,12
MD-90双发涡轮风扇短程客机,12
89式舰上攻击机,12
F-20虎鲨战斗机,12
UF-1/2和U-16“信天翁”反潜机,12
A-12俯冲轰炸机,12
X-7试验机,12
天神无人机,12
Ki-83远距离战斗机,12
SA319云雀III型,12
39-A双翼飞机,12
直-20,12
Robin DR400“小王子”/“海豚”/“少校”/“摄政王”单发活塞式轻型旅行飞机和教练机,12
伊尔-2攻击机,12
贝尔 214通用直升机,12
伊尔-28战术轰炸机,12
塞斯纳335/340双发活塞式企业飞机,12
Whisper Jet（西科斯基)S-55QT单发涡轮轻型直升机,12
CL -600“挑战者”双发涡轮风扇中型公务机,12
A6M2-N/二式水上战斗机,12
锐鸢无人机,12
罗宾逊 R22单发活塞式轻型直升机,12
米格-1战斗机,12
CW-21战斗机,12
米格-3,12
PQ-14/TD2C-1,12
直-8A,12
AS550/555“小松鼠”,12
G-1159“湾流”Ⅱ/Ⅲ双发涡轮风扇大型远程公务机,12
SA321,12
海军飞机制造厂TS,12
亚当A700 AdamJet双发涡轮风扇轻型公务机,12
T-29/R4Y/C-131,12
AS 332“超美洲豹”双发涡轮中型直升机,12
歼-7B/M型 战斗机,12
比奇V35“富源”单发活塞式轻型飞机,12
X-3验证机,12
40F双座水上教练机,12
多尼尔228双发涡桨轻型通用飞机,12
航空武器联合公司MKⅡ,12
“信使”M-1/MAT,12
“胜利者”中程战略轰略机,12
ALH“北极星”多用途通用直升机,12
苏-24“击剑手”战斗轰炸机,12
贝尔230双发涡轮中型直升机,12
伊尔-18“黑鸭”四发涡桨中程客机,12
塞斯纳525CitationJet 双发涡轮风扇小型公务机,12
雅克-55教练机,12
L-4“蚱蜢” 观察机,12
P-35A,12
 N1K1-J 紫电局地战斗机,12
图-2/ANT-50轰炸机,12
F28伙伴双发涡轮风扇支线客机,12
教-8（K-8）教练机,12
空中客车A300中程客机,12
埃隆卡O-58“蚱蜢”轻型观察机,12
A-28／29／AT-18和PBO“郝德逊”海上巡逻轰炸机,12
MXY-7樱花特别攻击机,12
Piper（泰德·史密斯）600 Aerostar双发活塞式轻型公务机,12
曼彻斯特（Manchester）轰炸机,12
运-8,12
SR-71侦察机,12
苏-25攻击机,12
运-8E,12
O-19,12
PZL.37轰炸机,12
比奇33Debonair“富源”单发活塞式轻型飞机,12
川崎C-1A运输机,12
安东诺夫设计局安-12 “幼狐” 四发涡桨货机,12
A6M零式战机,12
歼-10战斗机,12
“布伦海姆”轻型轰炸机,12
SR-72高超音速无人侦察机,12
Mohadjer4侦察机,12
L15“猎鹰”,12
雅克-23战斗机,12
雅克-38战斗机,12
MB-326高级教练机,12
XC-2运输机,12
F-107终极佩刀战斗机,12
MC.200-雷电战斗机,12
PZL P.11战斗机,12
波音737-600/700/800/900（波音737新世代）中短程窄体喷气式飞机,12
麦道DC-9双发涡轮风扇中短程客机,12
E-8“联合星”地面监视/作战管理飞机,12
F7F“虎猫”战斗机,12
CT4“空中教练”基础教练机,12
安东诺夫设计局 安-124“秃鹰”特大型运输机,12
Ju 88轰炸机,12
Ki-115甲剑特殊攻击机,12
He100战斗机,12
M-50野蛮人轰炸机,12
L-17/U-18“纳维翁” 联络机/通用机,12
波音757双发涡轮风扇中程客机,12
伊-16战斗机,12
PZL.43轰炸机,12
O2U“海盗”,12
TB-30 Epsilon基础教练机,12
F406“大篷车”Ⅱ双发涡轮螺旋桨轻型多用途飞机,12
BO 105双发涡轮轴轻型直升机,12
X-47“飞马”战术无人驾驶作战飞机,12
S-3“维京”反潜机,12
米-24/-25/-35“雌鹿” 攻击/突击直升机,12
喷火战斗机（Spitfire）,12
沃多霍迪L-39/L-139/L-59/L-159高级喷气教练机和轻型攻击机,12
B-45“龙卷风”,12
J7W1震电战斗机,12
U-2/TR-1 单座单发侦察机,12
苏霍伊“超级喷机-100”支线客机,12
BD-700“全球快车双发涡轮风扇远程公务机,12
 EC 135 双发涡轮轻型直升机,12
夕号试作特殊攻击机,12
PC-9“高级涡轮教练”涡轮螺旋桨高级教练机,12
雅克-9战斗机,12
Learjet 55双发涡扇中型公务机,12
直-9,12
A7M烈风战斗机,12
Me 265战斗机,12
容克Ju 52运输机,12
米6,12
CASA C-212 Aviocar 双发涡桨轻型飞机,12
轰教5教练机,12
洛克希德AT/T-33（CT-133“银星”）基础/高级喷气教练机,12
U8E无人直升机,12
F-35“闪电II”,12
伊留申设计局伊尔-114双发涡桨短程支线客机,12
无畏式战斗机（Defiant）,12
Ki-10/95式战斗机,12
SA330“美洲豹”双发中型多用途运输直升机,12
苏-30/苏-33“侧卫” 制空战斗机和对地攻击机,12
H-53E“超级种马/海龙”重型多功能直升机,12
C-17“环球霸王Ⅲ”,12
SO3C“海鸥”,12
卡-50“噱头”,12
R.VI轰炸机,12
贝尔427/429 双发涡轮轴轻型直升机,12
MB-2/NBS-1,12
BTD “毁灭者”,12
DHC-5“水牛”全天候短距起降运输机,12
B/KB-50“超级堡垒”,12
SBU,12
BAe 125双发涡轮喷气式/涡轮风扇轻型公务机,12
PZL斯威德尼克SW一4 Maluch单发涡轮轻型直升机,12
洛克希德L1329 “喷气星”四发中型运输机,12
脉冲喷射发动机推进式自杀攻击机,12
Piper PA-30/39“双科曼奇”双发活塞式轻型飞机,12
“猎迷”MR.2/MRA.4海上巡逻机和反潜机,12
F2H/F-2“女妖”,12
P-36战斗机,12
H425民用直升机,12
TBF/TBM“复仇者”,12
伊尔-86小船坞四发涡轮风扇中程客机,12
ki-4/94式侦察机,12
VC-10K“胜利者”加油机,12
P-59“空中彗星”战斗机,12
罗宾逊 R44单发活塞式轻型直升机,12
O-62/L-5/OY“哨兵”,12
C/EC/KC-135,12
乌拉尔轰炸机,12
UT-1教练机,12
雅克-53特技教练机,12
八八式侦察机,12
Me 209-II战斗机,12
F-5E“虎II”,12
E-4/VC-25,12
图-334双发涡轮风扇中短程支线喷气机,12
狂怒(Hawker Fury)战斗机,12
Re.2002战斗机,12
XF-85小鬼式战斗机,12
Comcopter5.1近程直升机,12
梭鱼式(Barracuda)鱼雷轰炸机,12
“管鼻燕”式舰载战斗机,12
ki-76/3式指挥连络机,12
别动队(Ranger)无人机,12
F-16“战隼”,12
 B5N/97式1号舰上攻击机,12
F-15A-D“鹰”,12
CM-170轻型教练/攻击机,12
雅克-210教练机,12
F-15鹰式战斗机,12
洛克希德U-2S高空侦察机,12
波音-737-300／400／500双发涡扇短程客机,12
沃特(N-G)A-7“海盗Ⅱ”,12
FR“火球”,12
J6K1 阵风 陆上战斗机,12
强-5/番摊（Fantan),12
卡-26/126“恶棍”双发活塞式轻型直升机,12
罗克韦尔(Aero Commander)“指挥官”500／560/580双发活塞式轻型企业专机／通用飞机,12
A119“树袋熊” 单发涡轮轻型直升机,12
T-37 “鸣鸟”基础/高级教练机/攻击机,12
FC-1“枭龙”/JF-17“雷电”多用途攻击机,12
C-123“供应者”,12
BD-100“挑战者”300双发涡轮风扇超级中型公务机,12
AA-5“旅行者”/“印度豹”/“虎”单发活塞式轻型旅行飞机,12
Grob SPn双发涡扇轻型公务机,12
“大西洋”1&2 (法国) 反潜机/海上巡逻机,12
T-47/UC-35“奖状”,12
寇蒂斯R系列 鱼雷轰炸机,12
S2F/S-2“追踪者”,12
寇蒂斯H-12/16,12
N-9教练机,12
BAC(BAE)167“攻击霸主”高级喷气教练机,12
信天翁D．Ⅲ,12
CANT Z.1007-翠鸟轰炸机,12
Dr.I战斗机,12
L-27/U-3,12
歼-11BS战斗机,12
波音X-37先进技术验证机,12
T3M/T4M,12
比奇390“首相”Ⅰ双发涡轮风扇轻型公务机,12
二式飞行艇 H8K,12
Ki-66试作急降下爆撃机,12
Hs 132轰炸机,12
西科斯基S-92双发涡轮中型直升机,12
雅克-10通用飞机,12
幻影IV轰炸机,12
Learjet 35双发涡扇特殊用途飞机,12
比奇1900双发涡轮螺旋桨短程通勤飞机,12
波音787宽体客机,12
IAI(波音)Phalcon 707预警飞机,12
Ki-48/99式双发轻爆击机,12
波音B-9单翼轰炸机,12
空警一号,12
米-17,12
洛克希德F-104“星战斗机”,12
F-89“蝎子”,12
Piper PA-32“切诺基·六”/“长矛”/“萨拉托加”单发活塞式轻型旅行飞机/公务机,12
Arado系列战机,12
苏-35/苏-37“侧卫-E” 全天候防空战斗机,12
教练-11（K-8）,12
AB95单发活塞式轻型飞机,12
X-4试验机,12
米-17-V7,12
Saab-35龙战斗机,12
P-38“闪电”,12
直-8F,12
SB2A“海盗”侦察轰炸机,12
拉-7战斗机,12
波音767双发涡轮风扇中程客机,12
F-22“猛禽”战斗机,12
SocataTB“坦皮科”/“多巴哥”/“特立尼达”单发活塞式轻型旅行飞机,12
Ki-45屠龙/2式复座战斗机,12
PZL.46轰炸机,12
A400M运输机,12
PC-7“涡轮教练”基础教练机,12
Ho 229战斗机,12
AS 665“虎”式多用途战斗直升机,12
直-9雷达载机,12
阿米奥-350轰炸机,12
Learjet 31双发涡扇轻型公务机,12
XF5F战斗机,12
EF-111A渡鸦式电子战飞机,12
初教-6,12
雅克-50特技级飞机,12
MC.205-雷电战斗机,12
T-38“禽爪” 高级教练机,12
麦道DC-8(美国) 四发中远程客机,12
Ki-94-1高高度战斗机,12
霍莎式滑翔机,12
SE 5a/E战斗机,12
施韦策330单发涡轮轻型直升机,12
歼-7系列战斗机,12
米格-21战斗机,12
米-171直升机,12
运-8F100,12
SA 321 “超黄蜂”重型运输直升机,12
卡-28,12
Bristol-170运输机,12
WS-61“海王”海军型及野战直升机,12
“堪培拉” 轰炸机/入侵飞机/侦察机,12
S-70A/UH-60“黑鹰”,12
贝尔AH-1 双座攻击直升机,12
Ki-96试作双发战斗机,12
米-28“浩劫”,12
Ki-98试作战斗袭击机,12
F/RF-101E“魔术师”,12
达索“猎鹰”20/200 双发涡轮风扇企业及通用飞机,12
轰运教7,12
卡-27/-28/-32舰载反潜直升机,12
Q1W东海反潜机,12
“斗牛犬”120初级教练机,12
直-9海监型,12
E-2D高级鹰眼,12
TA-1单翼运输机,12
YF-23战斗机,12
F1M2/零式水上观测机,12
A160T“蜂鸟”无人直升机,12
701直升机,12
EMB-314M（A-29）“超巨嘴鸟”,12
Quest “科迪亚克”单发涡轮轻型短距起降通用飞机,12
B-1枪骑兵轰炸机,12
P-43枪骑兵战斗机,12
F-94“星火”战斗机,12
VE-7/9教练机,12
直-8舰载运输机,12
波-2/乌-2侦察机,12
贝尔HTL/HUL/H-13通用直升机,12
C1M/10式舰上侦察机,12
C-54/R5D“空中霸王”,12
Me 209战斗机,12
贝尔OH-58侦察直升机,12
比奇55“男爵”双发活塞式轻型飞机,12
AS 365“海豚” 双发涡轮轴中型直升机,12
X-35验证机,12
P-51D/K“野马”,12
安东诺夫设计局 安-2 “小马” 单发活塞式通用飞机,12
波音AH-64双座双发攻击直升机,12
A-1“推进者”,12
米格-AT 高级教练机,12
E-2C“鹰眼”(美国) 空中预警和控制飞机,12
雅克-1战斗机,12
米-14“烟雾”反潜直升机,12
运-12E型运输机,12
C-130A/B/E/H“大力神” 运输机&特殊任务飞机,12
雅克-32教练机,12
Metro双发涡轮螺旋桨短程通勤飞机,12
TBY/TBU“海狼”,12
Dash8(加拿大) 双发涡轮螺旋桨短程支线客机,12
EC130 单发涡轮轴轻型直升机,12
贝尔47单发活塞式通用直升机,12
KC-10“补充者”,12
寇蒂斯HS系列,12
拉格-1战斗机,12
“火神”轰炸机,12
AMCA战斗机,12
Ki-87试作高高度战斗机,12
ALH无人侦察机,12
UC-70和GH/NH“夜莺”,12
SA 315B“拉玛”单发涡轮轴通用直升机,12
SA 316/3 19“云雀”III多用途直升机,12
强-6,12
里-2,12
Surion直升机,12
庞巴迪 Canadair 415 双发涡桨水陆两用飞机,12
苏-34/鸭嘴兽战斗轰炸机,12
大湖BG-1,12
AD/A-1“空中袭击者”,12
Piper PA-44“塞米诺”双发活塞式轻型飞机,12
F9C战斗机,12
PC-21涡轮螺旋桨高级教练机,12
直-9C,12
塞斯纳401/402/411双发活塞式公务机和通勤客机,12
洛克希德L188 Electra四发涡桨中短程客机,12
OV-10“野马” 空中前进控制机/近距离空中支援机,12
雅克-42“猛击”三发涡轮风扇中短程客机,12
XF-88战斗机,12
SA330“美洲狮”通用型直升机,12
直-8K/KA,12
“海獭”水上飞机,12
E-6B“水星”TACAMOⅡ 通信中继飞机,12
Me-262战斗机,12
塞斯纳500“奖状”Ⅰ双发涡桨中型公务机,12
雅克-7战斗机,12
 图-134“硬壳”双发涡轮风扇短程客机,12
Mi-8“河马”,12
莱格赛600公务机,12
贝尔407单发涡轮轻型直升机,12
米格-23战斗机,12
C-2“灰狗”运输机,12
O3U/SU“海盗”,12
Ababli-s监视无人机,12
太平洋宇航750XL单发涡轮螺旋桨轻型通用飞机,12
GA-7“美洲狮”双发活塞式轻型旅行飞机,12
Ju 188轰炸机,12
搜索者侦察机,12
Q-5J强击教练机,12
F2A水牛战斗机,12
YF-12战斗机,12
B-66“破坏者”,12
雅克-38战斗机,12
直9警用型直升机,12
C-130J/C-130J-30“超级大力神”运输机&特殊任务飞机,12
横厂式水上侦察机,12
Do 24水上侦察机,12
F3H/F-3“恶魔”,12
Ta 152战斗机,12
法国航宇公司SA 313/315 通用直升机,12
莱特L-200“摩拉瓦河”双发活塞式轻型旅行飞机/公务机,12
OA-14/J4F“野鸭”,12
RQ-4“全球鹰” 无人驾驶飞行器,12
波音H-47 双发多功能通用运输机,12
共和43“长矛”,12
D4Y彗星舰载俯冲轰炸机,12
安-24“焦炭”双发涡轮螺旋桨短程客机,12
马丁BM,12
仙童多尼尔328JET双发涡轮风扇支线客机,12
哈比无人机,12
KC-135“同温层油船”空中加油飞机,12
I-330/苏-1战斗机,12
歼教1教练机,12
雅克-52初级教练机,12
Pe-8/TB-7重型轰炸机,12
Piper PA-3 1T“夏安人”双发活塞式公务机,12
雅克-2 轰炸机,12
T-CH-1中兴号教练机,12
直-19,12
EMB-120巴西利亚双发涡轮螺旋桨短程通勤客机,12
J.I攻击机,12
苏-32/苏-33U/苏-34“后卫”远程战斗机/攻击机,12
塞斯纳404“巨人”双发活塞式公务机和通勤客机,12
JRF“鹅式”,12
三菱MU-2双发涡轮螺旋桨短距起降通用及公务飞机,12
布里斯托“波弗特”式鱼雷轰炸机,12
T-37“鸣叫”和A/QA-37“龙蝇”,12
CN-235M 运输机/海上巡逻机MPA,12
F8F“熊猫”战斗轰炸机,12
NB-1双座双翼初级教练机,12
C-130/KC-130/EC-130“大力神”运输机,12
SocataTBM700/850单发涡轮轻型多用途飞机,12
霍克II战斗机,12
直-9WA,12
PZL.23轰炸机,12
U-17“空中马车”,12
直-9反舰型,12
新舟700(MA700)飞机,12
AC-130空中炮艇,12
Ki-44钟馗/2式单座战斗机,12
S-70 黑鹰,12
P-40“战斧”,12
安-140双发涡轮螺旋桨短程客机,12
SBD“无畏式”,12
直-8,12
TC/VC-4“湾流I”,12
A129“猫鼬”,12
F4U 海盗式战斗机,12
P-61“黑寡妇”战斗机,12
Extra EA-400/EA-S00单发活塞式轻型旅行飞机/公务机,12
Ki-84疾风/四式战斗机,12
Ki-78高速研究机,12
福特JR/RR/C系列,12
E13A/0式水上侦察机,12
C-919大型客机,12
Me 210战斗机,12
R2Y景云陆上侦察机,12
A-20“浩劫”,12
凯斯通轻型轰炸机系列,12
雅克-3战斗机,12
米-171（旧款）,12
 安东诺夫设计局 安-38 双发涡桨通用飞机,12
富士FA-200“航空斯巴鲁”单发活塞式轻型旅行飞机,12
C-140“喷气星”,12
福克F27“友谊”双发涡桨短程客机,12
BAe ATP双发涡轮螺旋桨短程支线客机,12
Ar 68战斗机,12
Hs 129攻击机,12
阿佛罗兰卡斯特重型轰炸机,12
NA-50/-68和P-64,12
BT-9/14和NJ-1,12
Ju 87斯图卡俯冲轰炸机,12
MD 500单发涡轮轻型直升机,12
 EC155 双发涡轮轴中型直升机,12
Dash7(加拿大) 四发涡轮螺旋桨短距起降短程客机,12
BAe（BAC）1-11短程客机,12
Re.2005战斗机,12
超级军旗攻击机,12
雅克-30 截击机,12
米里设计局 米-2 “甲兵” 双发涡轮轻型直升机,12
比奇60“公爵”双发活塞式轻型旅行飞机,12
Ki-109试作特殊防空战斗机,12
A4D和A/TA-4“天鹰”,12
BN-2 防御者小型双发预警机,12
图-104/骆驼 喷气式客机,12
波音737 AEW＆C空中预警和控制飞机,12
比奇T36“涡轮富源单发活塞式轻型飞机,12
霍克4000双发涡轮风扇中型公务机,12
UT-2教练机,12
F-5A/B“自由战士,12
La-11战斗机,12
J4M·极电（闪电）局地战斗机,12
直-15,12
He 111轰炸机,12
比奇“空中国王”350双发涡桨公务机,12
Ki-67飞龙/四式重爆撃机,12
AV-8海鹞II式攻击机,12
达索“猎鹰”10/100双发涡轮风扇小型公务机,12
SB2C“地狱俯冲者”,12
ME-109战斗机,12
 Socata GY“地平线”/ST“专科医生”,12
塞斯纳210“百夫长”单发活塞式轻型通用飞机,12
Ki-94-2高高度战斗机,12
贝尔430双发涡轮轴中型直升机,12
“雷神”无人战斗机,12
SC-5贝尔法斯特运输机,12
波音747-100/200/SP,12
亚当A500双发涡桨轻型公务飞机,12
RQ-11渡鸭无人机,12
Learjet 23双发涡喷轻型公务机,12
Vicker.Warwick救援机,12
EA-6A/B“徘徊者”,12
空警200型早期预警机,12
直-9通信型,12
BK 117/EC 145 双发涡轮轴中型直升机,12
歼教-2,12
EMB-145（R-99）监视飞机,12
AU-24“公马”攻击机,12
靶-6无人驾驶靶机,12
塞斯纳208“大篷车”单发涡桨轻型飞机,12
AW139双发涡轮轴中型直升机,12
Helio“信使” 单发轻型短距起降飞机,12
歼-9战斗机,12
洛克希德-马丁C-130J“大力神” 95座四发战术运输机,12
塞斯纳550“奖状”Ⅱ/“喝彩”双发涡轮风扇中型公务机,12
Me 329战斗机,12
伊-15战斗机,12
EMB-312 “巨嘴鸟”教练机,12
英国航宇 FRS.51喷气式战斗攻击机,12
轰-5轰炸机,12
L-19/O-1“飞狗”,12
PC-6“搬运工”／涡轮“搬运工”单发活塞式／涡轮螺旋桨轻型短距起降飞机,12
S-3B“北欧海盗”舰载反潜机,12
纽堡17战斗机,12
L100“大力神”四发涡轮螺旋桨运输机,12
Robin HR100“王室”/“狩猎旅行”/R.1180 Aiglon单发活塞式轻型飞机,12
道格拉斯R-3D,12
A-37蜻蜓式攻击机,12
NAMC YS-11双发涡桨短程支线客机,12
W-3“斯拉夫”多用途直升机,12
奖状-10商业飞机,12
超级美洲豹AS332L1,12
神经元（NEURON）无人战斗机,12
Lerche战斗机,12
Me 163战斗机,12
F-84“雷电喷气”,12
Z9WE武装型直升机,12
Ki-77长距离研究机,12
Wespe战斗机,12
歼-6系列战斗机,12
PT/NS“西点军校生”双翼教练机,12
歼-16战机,12
弯刀战斗机（Scimitar）,12
A-17/A-33,12
比奇T-42“科奇斯”,12
扫描鹰（ScanEagle）无人机,12
Piper PA-42“夏安人”Ⅲ双发涡桨公务机,12
B-1B“枪骑兵”,12
BAe146/Avro RJ四发涡扇短程支线飞机,12
XFV-12战斗机,12
EMB-121“新谷”双发涡轮螺旋桨企业运输机,12
P4M“莫卡托”,12
I-270战斗机,12
空中客车A380远程宽体客机,12
ADE公司“黎明”,12
B5M/97式2号舰上攻击机,12
T-1教练机,12
Gloster Meteor“流星”战斗机,12
麦道直升机公司MD 520N单发涡轮轴轻型直升机,12
仙童 多尼尔328双发涡桨短程支线客机,12
Ca.90轰炸机,12
贝尔P-63“眼镜蛇王”单翼战斗机,12
格鲁曼F2F/F3F,12
ki-15/97式司令部侦察机,12
PT-16/20/21/22和NR-1“补充兵”,12
利剑无人作战飞机,12
ERJ 135/140/145双发涡轮风扇支线客机,12
波音H-46 双发多功能通用直升机,12
T67 “萤火虫”基础教练机,12
Ca.3 轰炸机,12
雅克-40“幼鳕”三发涡轮风扇短程支线喷气机,12
Ki-64试作战斗机,12
UH-1N直升机,12
I-153“海鸥”战斗机,12
X-5试验机,12
AS 550/555“松鼠”/“小狐”轻型通用直升机,12
PS/RA/C-6,12
Aerosky侦察机,12
E-2鹰眼预警机,12
比奇 99双发涡轮螺旋桨短程通勤飞机,12
Mooney M.20A/G“突击队员”/“丛林”/“行政”/“大师”/“政治家”单发活塞式轻型旅行飞机,12
歼-15战斗机,12
F-2战斗机,12
E16A瑞云水上侦察机,12
哈利法克斯轰炸机,12
波音777双发涡轮风扇远程客机,12
T-50（TA-50）“金鹰”高级喷气教练机/轻型攻击机,12
银河G200双发涡轮风扇超级中型公务机,12
F8U/F-8“十字军战士”,12
雅克-54教练机,12
Piper PA-34“塞内卡人” 双发活塞式轻型飞机,12
“阿尔法喷气”高级教练机/近距离空中支援飞机,12
He 118俯冲轰炸机,12
J2M雷电局地战斗机,12
P-47“雷电”战斗机,12
AT-21“机枪手”,12
S-2T“跟踪者” 海上巡逻机＆反潜飞机,12
XP-26“玩具枪”单座单翼战斗机,12
塞斯纳172“天鹰”单发活塞式轻型飞机,12
空中客车A310MRTT空中加油机/运输机,12
米格-29“支点”战斗机,12
波音B-17单翼重型轰炸机,12
拉-5战斗机,12
B-52H远程轰炸机,12
M6A1 晴岚攻击机,12
HJT-36“星”基础喷气教练机,12
布里顿-诺曼 BN-2A“海岛人”双发轻型飞机,12
18型“北极星”,12
微星（MicroSTAR）无人机,12
C-11/20/37”湾流“,12
HC120,12
运8-X,12
佩-2轻轰炸机,12
F-117“夜鹰”,12
C/UC-12“休伦,12
福克D.VII战斗机,12
T-50战斗机,12
塞斯纳177“北美红雀”单发活塞式轻型飞机,12
勃兰特利B-2B单发活塞式轻型通用直升机,12
塞斯纳336“高空霸主”/337“超级高空霸主”双发活塞式轻型企业飞机/通用飞机,12
直-11,12
波音-717双发涡扇短程客机,12
Fw 200兀鹰式侦察机,12
亚乔P.180“阿凡提” 双发涡桨高速运输机,12
Me 323”巨人“运输机,12
塞斯纳404“校长” 双发活塞式公务机,12
PB4Y-2“私掠船”,12
F9F战斗机,12
SBC俯冲轰炸机,12
运-12Ⅲ型飞机,12
CRJ700/900双发涡轮风扇支线客机,12
萨博MFI-17/支持者轻型教练机/观测飞机,12
“鹞鹰”无人机,12
IDF战斗机,12
AS 350 “松鼠/单星”单发涡轮轴轻型直升机,12
HCMk4“海王”反潜直升机,12
FW-190“百舌鸟”战斗机,12
M-311AleniaAermacchi 基础喷气教练机,12
G550预警机,12
C-295中程预警机,12
贝尔206L“远程突击队员” 单发涡轮轻型直升机,12
AMX攻击战斗机,12
塞斯纳510“野马”双发涡轮风扇甚轻型公务机,12
天翅高空无人侦察机,12
“蚊蚋-750” 无人驾驶飞行器,12
P-39“空中眼镜蛇”,12
Bf 108台风式飞机,12
恩斯特龙F28/280单发活塞式轻型通用直升机,12
歼-8系列战斗机,12
Ki-93试作袭击机,12
“F飞船”,12
塞斯纳441“征服”Ⅱ双发涡桨公务机,12
施韦策（休斯)300 单发活塞式轻型直升机,12
德·哈维兰DHC-2“海狸”单发活塞式轻型短距起降飞机,12
Ju 290轰炸机,12
ERJ170/175/190/195双发涡轮风扇支线客机,12
波音B-29“超级空中堡垒”,12
兹林Z-Xll通用飞机,12
米-24“母鹿”,12
Fi-156鹳式联络观测机,12
勃德RB-1“大篷车”单翼运输机,12
诺思罗普BT,12
直-9森警消防型,12
运-9运输机,12
朗宁OA/OL,12
EH101 “灰背隼”多用途直升机,12
意大利A129 武装直升机,12
AM“拳师”攻击机,12
F6F“泼妇”,12
Hs 124战斗机,12
卡-25“激素”海军型直升机,12
P-3“猎户座” 海上巡逻和反潜战飞机,12
L2D/零式运输机,12
IAR-99“鹰”高级喷气教练机/轻型攻击机,12
德·哈维兰DHC-3“水獭”活塞式轻型短距起降飞机,12
塞斯纳205“超级高空马车”单发活塞式轻型通用飞机,12
空警2000型预警指挥机,12
F7U“弯刀”,12
西科斯基S-76 双发涡轮中型直升机,12
卡-52直升机,12
B6N天山舰上攻击机,12
B-34/37和PV“文图拉”/“捕鲸叉”,12
PC-12单发涡轮轻型飞机,12
G8N连山重轰炸机,12
MD 600N单发涡轮轻型直升机,12
He 70飞机,12
B7A流星舰上攻击机,12
Ki-21/97式重爆击机,12
Lancair/哥伦比亚飞机公司 哥伦比亚单发活塞式轻型旅行飞机和教练机,12
阿米奥-354(Amiot-354)轰炸机,12
Ar 234闪电式轰炸机,12
齐柏林飞艇,12
F-15 S/MTD试验机,12
TSR-2轰炸机,12
PZL P.1战斗机,12
F-15SE沉默鹰式战斗机,12
Piper PA-23“阿帕奇”/“阿兹特克”双发活塞式轻型飞机,12
He 219夜枭战斗机,12
比奇18轻型通用运输机,12
F-CK-1经国号战斗机,12
空中客车A321,12
米格-25战斗机,12
T-1A“苍鹰”,12
G.55-人马座战斗机,12
F-105“雷公”战斗轰炸机,12
伊尔-103单发活塞式四座轻型飞机,12
米-8多用途直升机,12
PT-19/23/26“康奈尔”,12
萤火虫舰载战斗机（Fairey Firefly）,12
波音X-45A/C 无人驾驶作战飞机,12
EMB-110先锋双发涡轮螺旋桨短程通勤客机,12
AT-9,12
SN601“轻巡洋舰” 双发涡轮风扇轻型行政专机,12
希勒UH-12单发活塞式轻型通用直升机,12
D3A“99”式舰载俯冲轰炸机,12
H-3“愉快的绿巨人”双发通用／搜救直升机。,12
喀山飞机制造厂安萨特双发涡轴轻型通用直升机,12
Do 17轰炸机,12
Mooney M.20J/S快板/加演/喝彩/鹰/大喝彩单发活塞式轻型旅行飞机,12
塞斯纳-170通用飞机,12
运-8C,12
P5M/P-5“枪鱼”海上运输飞艇,12
R4D-8/C-117“海豚”,12
Sojka III侦察无人飞机,12
直-9高温高原型,12
AS 565“黑豹”通用直升机,12
MB-3,12
SA 341/42“小羚羊”轻型多用途直升机,12
B-32“统治者”,12
AT-3高级教练/轻攻击机,12
直-9F武警专用型,12
F-19战斗机,12
F-15J战斗机,12
卡-32“蜗牛-C”双发涡轮中型直升机,12
EF2000“台风”战斗机,12
O-57/L-2“蚱蜢”,12
He 51战斗机,12
雅克-27 全天候截击机,12
AS350B1型松鼠,12
PZL.38轰炸机,12
1MF/10式舰上战斗机,12
雅克-14,12
美洲虎攻击机,12
F-27/FH-227双发涡轮螺旋桨短程客机,12
U-21“犹他人”和T-44“飞马”,12
O-2“超级空中霸主”,12
图-22M“逆火 MRA轰炸机和电子战飞机,12
肖特360 双发涡桨短程支线客机,12
C-69/C-121“星座“/”预警星”,12
F-102“三角剑”截击战斗机,12
阿斯特拉G100/G150双发涡轮风扇中型公务机,12
XP-1海上巡逻机,12
运-8J海上警戒机,12
鹰(HAWK)式教练机,12
X-2 试验机,12
歼-12战斗机,12
PWS-19轰炸机,12
米17-1V,12
N1K4-J紫电改三二型试作机,12
海军飞机制造厂N3N,12
“红隼” 无人机,12
SM-92Finist单发活塞式轻型短距起降飞机,12
德·哈维兰DHC-6“双水獭”双发涡桨轻型飞机,12
雅克-12轻型通信机,12
塞斯纳180“ 高空马车”单发活塞式轻型通用飞机,12
波音PW-9单座单发双翼战斗机,12
BC/AT-6/SNJ“德克萨斯人”,12
TANAN 300无人直升机,12
波音F2B-1战斗机,12
F/A-18A-D“大黄蜂”,12
VS-300直升机,12
UH-1“易洛魁人”通用直升机,12
Bf 110铁面战斗机,12
伊尔-38“山楂花”海上巡逻机和反潜飞机,12
JH-7/FBC-1/歼轰-7/飞豹,12
B-26/JM“劫掠者”,12
沃多霍迪L-29“海豚”基础/高级喷气教练机,12
PA-24“科曼奇”单发活塞式轻型飞机,12
钻石DA42“双子星”轻型旅行飞机/通用飞机,12
AVE无人机,12
麦道DC-8“SuperSixty” 四发涡轮风扇远程客机,12
图-4公牛轰炸机,12
JRS-1/OA-8通用运输机,12
SA341/342“小羚羊”,12
直-9B,12
歼-5战斗机,12
La-9战斗机,12
X-43试验机,12
贝尔206“喷气突击队员”单发涡轮轻型直升机,12
空中客车A310中程客机,12
F-100“超佩刀” 战斗轰炸机,12
守望者（Watchkeeper）无人机,12
吉普斯兰GA8“空中货车”单发活塞式轻型飞机,12
F6U“海盗船”,12
C-27J“斯巴达人”战术运输机,12
Me 263战斗机,12
Me 264轰炸机,12
SA341/342 小羚羊,12
F4F/FM“野猫”战斗机,12
C-133“货运霸王”,12
NP,12
F-16XL战隼战斗机,12
A-10“雷电II”,12
图-95/图-142“熊” 远程轰炸机和海上侦察攻击机,12
SlAl-马歇蒂S.205/S.208 单发活塞式轻型旅行飞机,12
F-4“鬼怪Ⅱ”,12
“鹰”50/60/100高级喷气教练机,12
“猎鹰”50三发涡轮风扇远程公务机,12
安-28双发涡轮螺旋桨通用及通勤飞机,12
B7A流星舰上攻击机,12
雅克-200教练机,12
JN-4“詹尼”,12
P1Y 银河轰炸机,12
Ki-70试作司令部侦察机,12
狂风战斗机,12
伊尔-78空中加油机,12
UC-61“百眼巨人”,12
Ki-201火龙战斗机,12
P-51A,12
F4U/FG-1“海盗”,12
Fw 189鸮鹰式侦察机,12
ATR 42双发涡轮螺旋桨短程支线客机,12
肖特斯特林（Short Stirling）轰炸机,12
雅克-18教练机,12
P2M/P3M,12
LCA战斗机,12
T-6“德克萨斯人”Ⅱ高级涡轮螺旋桨教练机,12
C-101“航空喷气”基础/高级教练机/攻击机,12
U/QU-22,12
Ba.27战斗机,12
钻石DA40“钻石之星” 涡轮增压柴油发动机四座轻型旅行飞机/通用飞机,12
贝尔HSL四座单发ASW直升机,12
卡-31,12
瑞典爱立眼预警机,12
P2V/P-2“海王星”,12
安-225梦想式运输机,12
AC313,12
道格拉斯DC-4四发活塞式中程客机,12
萨博2000双发涡桨中短程支线客机,12
T-34C“涡轮导师”,12
ATR 72双发涡轮螺旋桨短程支线客机,12
F/RF/86A-H “佩刀”,12
BAE(维克斯)VC l0 C.1K＆K.3/4运输机/加油机,12
中航工业哈飞 运-12 支线客机,12
达索“猎鹰”7X三发涡轮风扇大座舱公务机,12
UO/U-11“阿兹特克人”,12
米格-17战斗机,12
T/CT-43和T-40“快船”,12
T-41“梅斯卡勒罗人”,12
T-45“苍鹰”中级/高级喷气教练机,12
塞斯纳750“奖状”X双发涡轮风扇远程中型公务机,12
卡-226“谢尔盖”双发涡轮轻型直升机,12
SA316/319“云雀”Ⅲ,12
XF-103战斗机,12
RQ-3“暗星” 无人驾驶飞行器,12
阿古斯塔A-109轻型通用直升机,12
米格-35战斗机,12
波音747-300/400四发涡轮风扇远程客机,12
暴风式(Tempest)战斗机,12
PZL.30轰炸机,12
塞斯纳天空大师通用飞机,12
长虹-1,12
洛克希德C-69“星座”运输机,12
别里耶夫Be-200“牵牛星” 喷气式水陆两用飞机,12
塞斯纳560XL“奖状优胜”/“奖状XLS” 双发涡轮风扇中型公务机,12
BAe 748双发涡轮螺旋桨短程运输机,12
G222(C-27)战术运输机,12
Ki-108试作高高度战斗机,12
1MF10 七试舰上战斗机,12
MH-6小鸟式直升机,12
直-7,12
SC.7“高空货车”双发涡轮螺旋桨轻型短距起降飞机,12
直-9D海军增强反舰型,12
米格-27/鞭挞者-D 战斗机,12
C/KC-97“同温层货船/同温层油船”,12
福克50／60双发涡旋桨短程客机,12
斯帕德VII战斗机,12
B-23“龙”,12
92式战斗机,12
塞斯纳425“海盗”／“征服”l双发涡桨公务机,12
P68“观察者”双发活塞式轻型通用飞机,12
福克70/100双发涡轮风扇短程支线客机,12
EC120“蜂鸟”单发涡轮轴轻型直升机,12
F/A-18E/F/G“超级大黄蜂”舰载攻击/战斗机,12
运-8F,12
Ki-49吞龙轰炸机,12
MD-11三发涡轮风扇中程客机,12
蚋式（Folland Gnat）教练/战斗机,12
IA 63/AT-63“潘帕人”基础/高级喷气教练机,12
康维尔580双发涡轮螺旋桨短程运输机,12
西科斯基S-58中型直升机,12
安-70,12
A-50空中预警机,12
麦道DC-10三发涡轮风扇中远程客机,12
Piper PA-46 “马利布·幻影”双发轻型公务机,12
G3M/九六式陆上攻击机,12
E8N九五式水上侦察机,12
罗克韦尔涡轮指挥官/Jetprop双发涡轮螺旋桨企业专机／通用飞机,12
Pchela-T无人机,12
A2N/90式舰上战斗机,12
T-6A“德克萨斯人II”,12
空中客车A319双发中/短程客机,12
“湾流”IV/G300／G350／G400／G450 双发涡轮风扇大型远程公务机,12
Ki-30/97式俯冲轰炸机,12
BR.20轰炸机,12
CA109直升机,12
J1N1/2式夜间战斗机,12
安-72/74“煤矿人”,12
O-47,12
肖特S.25 桑德兰水上飞机巡逻轰炸机,12
Ar 196水上侦察机,12
卡-60轻型直升机,12
Socata MS“拉力俱乐部”/“海军准将” 单发活塞式轻型旅行和教练飞机,12
Do 217轰炸机,12
S-65/CH-53“海种马”突击运输直升机,12
布里顿-诺曼 BN-2A MkⅢ “三岛人” 三发活塞式轻型飞机,12
UC-81/AT-19“信赖”,12
空中客车A330,12
L-410 Turbolet双发涡轮螺旋桨短程通勤和通用飞机,12
“西风”双发中型公务机,12
波音F4B-1战斗机,12
AS 355“松鼠”Ⅱ双发涡轮轴轻型直升机,12
柏林纳-乔伊斯OJ-2侦察机,12
运-5,12
Ae 270“幽灵”单发涡轮螺旋桨轻型飞机,12
RQ/MQ-1“捕食者A” 无人驾驶飞行器,12
X-20试验机,12
长空-1无人机,12
米格-15战斗机,12
Fa 223龙式军用直升机,12
F-86D/K/L “佩刀猛犬”,12
X-47B无人机,12
MAKO教练机,12
苏-47金雕式战斗机,12
He 162战斗机,12
X-38验证机,12
DC-3达科塔/C-47高空列车多用途运输机,12
运-12IV型飞机,12
比奇T-34“导师”教练机,12
Fi 167鱼雷轰炸机,12
E-767 AWACS/KC-767加油机AWACS和加油机,12
B-57“堪培拉”,12
YO-3A侦察机,12
龙眼(Dragon Eye)无人机,12
卡-29/-31“蜗牛-B”海军型突击直升机,12
海军飞机制造厂PN,12
AT-12“卫兵”,12
三菱支线喷气客机,12
“鹰”200轻型多用途战斗机,12
九二式侦察机,12
YF-17战斗机,12
 A5M/96式舰载战斗机,12
麦道MD-902直升机,12
歼-31战斗机,12
G.50-箭式战斗机,12
ARJ21支线飞机,12
雅克-25战斗机,12
“指挥官”112/114单发活塞式轻型旅行飞机,12
直-10,12
伊尔-76MD & 伊尔78M运输和加油机,12
米格-1.44战斗机,12
RQ/MQ-9“捕食者B” 无人驾驶飞行器,12
NH90(法国/德国/意大利/荷兰/葡萄牙) 中型运输/海军型直升机(图示为NH 90 TTH),12
T-2“橡树” 教练机,12
OV-1“莫霍克”,12
直-5,12
Ki-100/五式战斗机,12
斯帕德S．Ⅶ,12
歼-11B战斗机,12
G10N富士山轰炸机,12
Embraer-170系列客机,12
别里耶夫Be-103双发涡桨水陆两用飞机,12
延安二号,12
苏-27战斗机,12
ZDK-03型预警机,12
波音V-22 “鱼鹰”倾斜式旋翼运输机,12
雅克-58,12
AUT.18战斗机,12
C-9“空中列车Ⅱ/南丁格尔”,12
米格-19战斗机,12
兹林Z-26通用飞机,12
川崎T-4中级喷气教练机,12
F-21幼狮战斗机,12
C160运输机,12
H410G公安警用型直升机,12
RC-135战略侦察机,12
ATL-98天空开拓者运输机,12
空中客车A340远程客机,12
福克E．Ⅲ战斗机,12
米-171（新款）,12
暴风雪（Buran）号航天飞机,13
伽利略号探测器,13
GALEX（星系演化探测卫星）,13
荷兰New Skies通信卫星,13
Thor挪威通信卫星,13
实践8号卫星,13
Araks侦察卫星,13
Cluster Ⅱ卫星,13
”热鸟“通信卫星,13
麦哲伦探测器,13
天顶号,13
赫谢尔（Herschel）太空望远镜,13
光子（Foton）无人驾驶飞船,13
奥德赛海上发射平台,13
ACE,13
指南针2号复杂轨道磁-等离子体自主卫星,13
金星快车,13
 “欧罗巴2号运载火箭的综合发射设施（ELA-1）,13
空间跟踪和监视系统（STSS，SBIRS-Low）,13
"第聂伯（Dnepr,SS-18/Satan,R-36M）运载火箭",13
“双星”计划,13
国防卫星通信系统（DSCS）,13
长征五号运载火箭,13
先驱者10号,13
“大地”号地球观测卫星,13
美国国家航空航天局（NASA）,13
FAST（极光快速摄影探测卫星）,13
海盗（Viking）探测器,13
宇宙3M运载火箭,13
开普勒太空望远镜,13
EROS A地球遥感观测卫星,13
天宫二号空间实验室,13
H-Ⅱ运载火箭,13
过渡区和日冕探测器,13
OrbView遥感地球图像卫星,13
HTV（H-Ⅱ转移飞船）,13
SBIRS（天基红外系统）,13
种子岛航天中心,13
遥感卫星17号,13
AISAT地球遥感卫星,13
Brasilsat 通信卫星,13
Eutelsat通信卫星,13
和平（Mir）号空间站,13
Measat通信卫星,13
资源2号卫星,13
斯普特尼克1号人造轨道卫星,13
鑫诺一号(SINNO)卫星,13
东方1号,13
双子座3号,13
Kalpana( MetSat-1 )气象卫星,13
火星全球勘测者,13
雨燕卫星（Swift Gamma-Ray Burst Mission）,13
实践四号卫星（SJ-4）,13
铱星系统,13
SMOS,13
长征三号运载火箭,13
辛科姆1-3号 地球同步通信卫星,13
水星-红石3（Mercury Redstone，自由7号）,13
Terra对地观测卫星,13
航天飞机,13
遥感卫星12号,13
“凤凰”号航天探测器,13
COSMO-SkyMed,13
灾难监视星座,13
达万航天中心,13
银河（Gaiaxy）（国际）通信卫星,13
遥感卫星18号,13
Nilesat通信卫星,13
陆地卫星（Landsat）,13
太阳神Helios光学监视卫星,13
欧洲之星1号通信卫星,13
嫦娥三号探测器,13
Topex/Poseidon海洋环流测量卫星,13
遥感卫星10号,13
卡瓦佳林（kawajalsin）发射场,13
遥感卫星4号,13
CALIPSO遥感卫星,13
光亮号（Akari）红外天文卫星,13
信使（Gonets）中轨道小型卫星通信系统,13
酒泉卫星发射中心双城子,13
风云2号,13
内之浦（Uchinoura）航天中心,13
Aura(原称EOS／Chem-1),13
鑫诺五号(中星10号)卫星,13
嫦娥二号,13
遥感卫星11号,13
遥感卫星16号,13
斯普特尼克2号（Sputnik2，PS-2）,13
ATV自动转移飞行器,13
CARTOSAT立体视觉地球观测卫星,13
呼啸号运载火箭,13
CBERS 资源卫星,13
ETS Ⅷ,13
对地静止卫星运载火箭,13
火星快车（Mars Express）火星轨道卫星,13
亚洲卫星（AsiaSat）,13
TACSCATI卫星,13
火星探测漫游者（“精神”号和“勇气”号）,13
Chandryaan-1月球轨道卫星,13
先驱者0号,13
先进极高频AEHF,13
金星先锋2号空间探测器,13
宇宙空间实验室1号,13
卡纳维拉尔角空军机场,13
飞马座XL（Pegasus XL）运载火箭,13
阿拉伯（Arabsat）卫星,13
欧洲航天局（ESA）,13
欧罗巴（Europa）型运载火箭,13
东方红一号,13
神舟一号飞船,13
天宫一号目标飞行器,13
Radarsat雷达卫星,13
极轨卫星运载火箭（PSLV，Polar Satellite Launch Vehicle）,13
卡普斯京亚尔(Kapustin Yar)导弹发射场,13
遥感卫星2号,13
风云四号气象卫星,13
DMSP国防气象卫星,13
DIRECTV,13
阿根廷商业人造卫星通信系统,13
环境1号,13
ERS欧洲遥感勘测卫星,13
INSAT印度国内卫星,13
天狼星国际通信卫星,13
尤里西斯,13
Glonass 全球导航卫星系统,13
长征七号运载火箭,13
进步M 宇宙飞船,13
遥感卫星3号,13
质子号 重型运载火箭,13
联盟TMA宇宙飞船,13
实践一号卫星,13
N-Ⅰ/N-Ⅱ型运载火箭,13
德尔塔4(DeltaⅣ)运载火箭,13
天箭号运载火箭,13
神舟三号飞船,13
N-1(G-1e/SL-15)运载火箭,13
遥感卫星15号,13
普列谢茨克航天发射基地（Plesetsk）,13
太阳辐射和气候实验卫星(SORCE),13
长征运载火箭,13
国际通信卫星公司,13
中国国家航天局(CNSA),13
红外线宇宙天文台（ISO）,13
太原卫星发射中心,13
东方红四号,13
地平线（Ofeq）卫星系统,13
东方红五号,13
阿丽亚娜5号,13
流浪者7号 飞行器,13
长征六号运载火箭,13
哈勃太空望远镜,13
斯必泽（Spitzer）太空望远镜,13
地平线（Gorizont）通信卫星,13
实践2号卫星,13
ASTRA(国际)通信卫星,13
织女（Vega）哈雷彗星探测器,13
全球星近地轨道通信星座,13
BepiColombo,13
米诺陶运载火箭/人牛怪运载火箭,13
TDRS通信卫星,13
GOES地球同步运行环境卫星,13
TopSat试验地球成像卫星,13
极地冰盖探测卫星（Cryosat）,13
Aqua,13
朱雀天文卫星,13
资源3号卫星,13
轨道快车卫星,13
AGILE,13
隼（Hayabusa，Muses-C）近距离观测任务,13
金星9号,13
美国太空港（Spaceport America，原名西南部太空港）,13
织女星,13
月神17号,13
SMART-1（小型先进技术研究任务1号）,13
“环境间谍”（Envisat）,13
水瓶座,13
冰云和地面高度卫星,13
神舟五号,13
磁尾探测卫星,13
IRS（印度遥感勘测卫星）,13
日出（Hinode，Solar-B）太阳观测卫星,13
中星（ChinaSat)通信卫星,13
神舟六号载人飞船,13
月球大气与风尘环境探测器,13
PROBA卫星,13
文昌卫星发射中心,13
月亮女神（SELENE，Kaguya）,13
阿特拉斯1号-3号,13
神舟二号飞船,13
“向日葵”气象卫星,13
德尔塔2,13
詹姆斯·韦伯空间望远镜（JWST）,13
水手10号（Mariner10）飞行器,13
新地平线,13
中间层冰云高层大气物理学研究卫星,13
水手4号,13
黑箭（Black Arrow）运载火箭,13
资源1号卫星,13
遥感卫星6号,13
天网5（Skynet 5）军事通信卫星,13
卡西尼,13
月球车2号,13
罗塞塔/菲莱彗星轨道卫星／登陆器,13
钻石运载火箭,13
TRMM热带降雨测量任务卫星,13
起源号可膨胀式空间飞行器（Genesis）,13
遥感卫星8号,13
库鲁发射场（Centre Spatia1Guyanais，圭亚那太空中心）,13
宇宙背景探测器（COBE）,13
J-1运载火箭,13
水手2号（Mariner 2）,13
神舟七号,13
伽利略号轨道卫星,13
云探测卫星,13
鑫诺2号,13
星尘（Stardust）飞行器,13
火星奥德赛火星轨道卫星,13
山雀（Parus）卫星,13
SOHO太阳／太阳风观测卫星,13
拂晓号探测器,13
猎鹰运载火箭,13
泰罗斯1号气象卫星,13
长征二号运载火箭,13
阿拉斯加航天基地,13
月神16号,13
“航行者”飞行器,13
“科罗娜”卫星,13
旋风号运载火箭,13
月球车1号,13
太空实验室,13
Thuraya通信卫星,13
TIMED大气观测卫星,13
XM Radio通信卫星,13
沙维特运载火箭,13
威尔金森各向异性探测器,13
Hispasat通信卫星,13
实践5号卫星,13
长征一号运载火箭,13
波浪号,13
 FUSE天文卫星,13
上升号多人宇宙飞船（Voskhod）,13
HETE-2（高能瞬间探测器2）卫星,13
IKONOS,13
嫦娥一号,13
牛顿X射线多镜望远镜,13
极光,13
UARS高层大气研究卫星,13
Superbird通信卫星,13
神舟十号,13
阿丽亚娜1号-4号,13
东方红二号,13
实践9号卫星,13
Koreasat通讯卫星,13
遥感卫星14号,13
红外线天文卫星,13
实践12号卫星,13
IMAGE 探测器,13
风云三号气象卫星,13
罗西X射线时变探索者（RXTE）卫星,13
金牛座运载火箭,13
月球勘测轨道卫星,13
“玉兔号”月球车,13
东方红三号,13
国际伽玛射线天体物理实验室,13
乔托（Giotto）号探测器(欧洲）,13
太空飞船1号,13
阿蒂米斯中继卫星,13
MSX中途空间试验卫星,13
Telstar 1通讯卫星,13
联盟号运载火箭,13
探索者1号（Explorer）地球轨道卫星,13
AMOS通信卫星,13
重力探测器B,13
实践7号卫星,13
印度空间研究组织（ISRO）,13
遥感卫星9号,13
鑫诺四号卫星,13
深度撞击探测器,13
X射线天文台,13
神舟宇宙飞船,13
神舟四号,13
GRACE(重力场恢复与气候实验卫星),13
TerraSAR-X雷达卫星,13
Meteosat/MSG 同步气象卫星,13
阿尔坎塔拉发射中心,13
西弥斯,13
月神3号（Luna 3，自动行星际站/Lunik3）,13
国防支援计划（DSP）,13
多功能传送卫星MTSAT,13
格鲁达1号（Garuda-1，亚洲蜂窝卫星）,13
Kompsat,13
起源号（Genesis）空间飞行器,13
加拿大航天局（CSA）,13
SAR-Lupe雷达侦察卫星,13
神舟八号飞船,13
能源号运载火箭,13
尼尔-舒梅克飞行器,13
广域红外探测器,13
风云一号气象卫星,13
“礼炮1号”(Salute 1)空间站,13
STEREO双太阳观测卫星,13
全球定位系统（GPS ）,13
水手9号,13
国际日地探测卫星3号/国际彗星探测器,13
遥感卫星5号,13
拉马弟(RHESSI)高能太阳分光镜成像卫星,13
流星近地轨道气象卫星,13
B-SAT通信卫星,13
Hipparcos (欧洲航天局),13
火星探路者,13
巴西航天局(AEB),13
遥感卫星13号,13
惠更斯着陆探测器,13
金星先锋1号,13
实践11号卫星,13
新型ICO卫星,13
太阳风,13
快车（Express）通信卫星,13
月神9号,13
阿特拉斯5,13
Americom(AMC)通信卫星,13
普朗克（Planck）探测器,13
Anik(加拿大电视卫星),13
闪电（Molniya）卫星系统,13
阿波罗11号（Apoiio 11）,13
Thaicom通信卫星,13
激光干涉仪空间天线开拓者,13
美国国家海洋大气管理局极轨道环境卫星,13
Spaceway通信卫星,13
“鑫诺六号”通信广播卫星,13
GIOVE（伽利略在轨验证部件卫星）,13
西克拉尔（Sicral）军事卫星系统,13
JCSAT卫星,13
鑫诺3号,13
勘测者1号,13
国际海事卫星组织（Inmarsat）,13
火星勘测轨道卫星（Mars Reconnaissance Oribiter，MRO）,13
Oko眼睛（US-KS）卫星系统,13
亚太（APSTAR）卫星,13
拜科努尔航天控制中心,13
遥感卫星7号,13
GLAST,13
印度火星飞船,13
科里奥利实验卫星,13
恒星微变与振荡（MOST）科学卫星,13
COROT天文卫星,13
遥感卫星1号,13
斯沃博德内航天中心,13
SPOT（地球观测卫星系统）,13
深空1号卫星,13
亚毫米波(SWAS)天文卫星,13
西昌卫星发射中心（XSLC）,13
俄罗斯联邦航天局（RKA/ROSKOSMOS）,13
日本宇宙航空研究开发机构（JAXA),13
Nimiq加拿大通信卫星,13
Orbcomm轨道通讯系统,13
起飞1号运载火箭,13
长征四号运载火箭,13
实践6号卫星,13
月球号运载火箭,13
M-V运载火箭,13
北斗卫星导航系统,13
詹森1号,13
神舟九号,13
国际空间站（ISS）,13
风云二号气象卫星,13
“卫士”装甲人员运输车/BTR-3U/BTR-3E,14
PT-76轻型两栖坦克,14
X1A1轻型坦克,14
霍特斯伯4985型轮式装甲人员输送车,14
XA-180轮式战车,14
GSL131型机械爆破扫雷车,14
"""切诺斯""快速突击车（FAV）",14
PZH2000自行火炮,14
“梅卡瓦”坦克,14
SPM-3“熊”式装甲汽车,14
M10/3in GMC T35坦克歼击车,14
AMX-30主战坦克,14
M36/杰克逊/Jackson驱逐战车,14
TABC-79装甲人员运输车,14
BA-9装甲车,14
PzKpfw VII/八号坦克/鼠式,14
IS-10/T-10坦克,14
BRAVIA“蔡米特”装甲人员运输车,14
M59履带式装甲人员输送车,14
T-64主战坦克,14
凯撒155毫米自行火炮,14
99式主战坦克,14
卡雅（KAYA）防地雷车,14
四号D型坦克,14
T-38两栖侦察坦克,14
OMC RG-32M装甲人员运输车,14
“山猫”侦察车,14
猎虎式坦克歼击车（Jagdtiger Sd. Kfz. 186）,14
E系列坦克,14
特4式内火艇（“卡次”）,14
M-60P履带式装甲人员输送车,14
BT-1快速坦克,14
“绍勒尔”4K4FA装甲人员运输车,14
AMX VCI步兵战车,14
滚雷沙漠侦察车（DPV）,14
霍特斯轻骑兵轮式装甲人员输送车,14
LAV-150AFV,14
IS-7新式重型坦克,14
“飞鸟”轻型攻击车,14
“短吻鳄”轻型侦察车,14
98式装甲弹药输送车,14
LT-35/PZkpfw35(t),14
ARK履带式两栖支援车,14
“野马”(Bronco)全地形履带运输车,14
ZBD-09式8X8轮式步兵战车,14
 智利轮式装甲人员输送车,14
“胡狼”轻型伞兵车,14
T-28中型坦克,14
BA-11装甲车,14
KH-50轻型坦克,14
VLA可空载轻型车,14
FV4201“酋长”坦克,14
“眼镜蛇”装甲人员运输车,14
“萨拉丁”装甲车（FV601）,14
BMP-2步兵战车,14
ZBD03空降战车,14
"XK2""黑豹""主战坦克",14
帕提亚XA-200装甲人员运输车,14
M2轻型坦克,14
格雷纳迪尔轮式装甲人员输送车,14
“鼬鼠”2空降装甲车,14
“新加坡自行榴弹炮1”(SPPH 1),14
97式步兵战车,14
KV-85重型坦克,14
ACMAT装甲人员运输车,14
BRDM-2反坦克导弹发射车,14
TPZ-1“狐狸”装甲人员运输车,14
九七式指挥战车,14
BA-64装甲车,14
BA-I装甲车,14
意大利新型轮式装甲族,14
陆地漫游者轮式装甲巡逻车,14
IS-3坦克,14
潘哈德AML轻型装甲车,14
“逊邱伦”Mk13主战坦克,14
FCM36坦克,14
“狮”式(Simba)轻型战车,14
90式装甲人员运输车,14
九一式装甲汽车,14
特二内火艇(“卡米”),14
QL550轻型轮式装甲车,14
6.40BL,14
Raad-2型155毫米自行火炮,14
“蝎”式侦察车,14
90式（YW-535）履带式装甲输送车,14
野牛”装甲人员运输车,14
M1161轻型突击车（ITV/LSV）,14
“澳洲野狗”全防护战车,14
85-Ⅱ式主战坦克,14
81式火箭扫雷车,14
122毫米自行火炮M1974（2S1）,14
TAB-71装甲人员运输车,14
77-1式水陆装甲输送车,14
M24/霞飞/Chaffee轻型坦克,14
OMC RG-31“林羚”装甲人员运输车,14
BT-4快速坦克,14
T-28/T-95超重型坦克,14
IS重型坦克,14
SH2型122毫米车载榴弹炮,14
桑塔纳109型军用轻型车,14
博尼斯基MAV5装甲人员运输车,14
红箭-9轮式重型反坦克导弹发射车,14
“撒克逊”装甲人员运输车,14
T1/M6重型坦克,14
77-2式水陆装甲输送车,14
TIFV步兵战车,14
KV-1重型坦克,14
T-80B主战坦克,14
奥维兰德A3F型快速攻击车,14
菲亚特/奥托·梅莱拉6616型装甲车,14
M151轻型车辆以及变体型,14
84式122毫米火箭布雷车,14
BA-30装甲车,14
SX-1新型伞兵突击车,14
BT-5快速坦克,14
ERC 90 F4“标枪”装甲车,14
AAV-7A1两栖突击车(LVTP7 AAV),14
“撒拉逊”装甲人员运输车,14
VBCI步兵战车,14
T14突击坦克,14
乌鲁图EE-11轮式装甲人员输送车,14
M5(Stuart)轻型坦克,14
瓦尔凯轮式装甲人员输送车,14
“博拉格”(boragh)装甲输送车,14
FUG两栖侦察车,14
M4/谢尔曼/Sherman中型坦克,14
D2中型坦克,14
LT-35轻型坦克,14
ALSV 轻型突击车,14
203毫米自行火炮M1975,14
五式轻战车,14
“獾”式步兵战车,14
BAD-2两栖车,14
Raad-1型122毫米自行火炮,14
M3侦察车,14
WZ523/ZSL93式轮式装甲侦察车,14
萨菲尔”(Safari) -74/ T-72Z坦克,14
四式轻战车,14
T30重型坦克,14
“阿奇扎里特”装甲运兵,14
96A主战坦克,14
AMX-56主战坦克,14
斯泰尔SK105轻型坦克,14
MLI-84步兵战车,14
BTR-70装甲运输车,14
MM-1型多用途全地形车,14
 Mk2快速反应通用车,14
M-80机械化步兵战车,14
BA-20装甲车,14
YW531H装甲人员运输车,14
OT-64C(1)(SKOT-2A)装甲人员运输车,14
 K1主战坦克,14
日本一式装甲运兵车,14
UR-416装甲人员运输车,14
TPK 4.20VBL轮式装甲输送车,14
BA-3装甲车,14
76式抢救车,14
MT-L履带式雪地两栖车,14
T-34中型坦克,14
122 毫米自行榴弹炮,14
AT105萨克松轮式装甲人员输送车,14
85式主战坦克,14
“挑战者”-1主战坦克,14
77式装甲人员运输车,14
ZSD-89式装甲输送车,14
6640G型两栖货物运输车,14
M18/地狱猫/Hellcat坦克歼击车,14
“佐勒菲卡尔”主战坦克,14
M3中型坦克,14
M60坦克,14
M3半履带车,14
BMD-3空降战车,14
M1114装甲车,14
“风暴”装甲人员运输车,14
GAZ-3937系列车辆,14
87式侦查警戒车,14
LAV-25轻型装甲车,14
TM-800中型坦克,14
“蝎”式轻型侦察车,14
一号指挥坦克,14
BMD-1空降战车,14
玛蒙-哈宁顿CTLS轻型坦克,14
风暴-I型主战坦克,14
PLZ-07式自行榴弹炮,14
“达多”步兵战车,14
6×6型ARMA装甲车,14
FAI装甲车,14
格罗弗·韦布(Glover Webb)装甲巡逻车(APV),14
豹-I主战坦克,14
苏帕凯特MkⅢ全地形移动平台（ATMP）,14
哈奇开斯H系列轻型坦克,14
BAT特种部队多用途车,14
M8/猎犬/Greyhound装甲车,14
BA-5装甲车,14
三式轻战车,14
Tactica装甲人员运输车,14
LT-H型轻型坦克,14
M901改进型“陶”式导弹发射车,14
YP-408轮式战车,14
M2A3“布雷德利”步兵战车,14
三式中战车,14
Boraq装甲人员运输车,14
赫格隆Bv206S装甲人员运输车,14
MLVM山地战车,14
89式机械化步兵战车,14
BT-7快速坦克,14
PzKpfw VI/六号坦克/虎式,14
“美洲狮”装甲人员运输车,14
D-13装甲汽车,14
73式装甲人员运输车,14
T-40轻型水陆坦克,14
PTS、PTS-M和PTS-2履带式两栖车,14
ZSL90式/WZ551轮式装甲车原型车,14
“锯脂鲤”装甲人员运输车,14
WMZ-551JH新型装甲救护车,14
帕提亚模块化装甲车,14
79式火箭布雷车,14
98式轻战车,14
福特GPA两栖吉普车,14
一号喷火坦克,14
BA-11D装甲车,14
“曼巴”MkⅡ装甲人员运输车,14
IS-4坦克,14
94式轻战车,14
“西布玛斯”装甲人员运输车,14
KV-2重型坦克,14
SU 60式装甲人员运输车,14
“博拉格”(boragh)装甲输送车,14
64式轻型坦克,14
WJ08式警用装甲防暴车,14
一号自行反坦克炮,14
LuAZ-96两栖战地支援车,14
特5式内火艇(“陶库”),14
BTR-50装甲输送车,14
一号自行榴弹炮,14
“武士”机械化战车,14
 联邦德国HWK11履带式装甲人员输送车,14
九七式骑兵装甲车,14
WZ523装甲人员运输车,14
92式（WZ551）轮式装甲车,14
95式重战车,14
X1A2轻型坦克,14
85型自行火炮,14
152毫米自行火炮M1973（2S3）,14
PBV302装甲人员运输车,14
6614型装甲人员运输车,14
LARC-5 两栖货物运输车,14
沙漠袭击者”(Desert Raider)6×6侦查与快速攻击车,14
BMD-2空降战车,14
索尔塔姆系统公司L-33型155毫米自行火炮,14
T-50轻型坦克,14
法哈轮式装甲人员输送车,14
AC-200防雷装甲车,14
格罗弗-依萨克轮式装甲车,14
M-240“风暴”多用途车（MMV),14
M2半履带车,14
M41轻型坦克,14
M100型203毫米自行火炮,14
九二式装甲汽车,14
二式轻战车,14
“雷诺”R-35轻型坦克,14
M-84主战坦克,14
AMC 35骑兵坦克,14
悍马Hummer,14
潘哈德VCR装甲人员运输车,14
NVH-1步兵战车,14
PzKpfw V/五号坦克/豹式/黑豹,14
一号F型坦克,14
70-1型122毫米自行火炮,14
TAM坦克,14
一号坦克/PzKpfw I,14
Otokar装甲人员运输车,14
BMS-1阿拉克兰半履带式多用途装甲车,14
T27装甲车,14
一号弹药搬运车,14
“特拉克斯”轮式装甲车,14
SO-120榴弹炮,14
一号D型坦克,14
BRDM-1两栖侦察车,14
“鼬鼠”1空降装甲车,14
BA-6装甲车,14
奥拓-梅莱拉步兵装甲战车(VCC-1),14
PZ.38(t),14
LAV-AD防空装甲车,14
NONA-SVK2S23自行迫击炮,14
九五式公路铁路两用装甲车,14
90式主战坦克,14
恩格萨EE-9“R斯卡维尔侦察车,14
中国北方工业公司快速攻击车,14
蒂莫尼轮式装甲人员输送车,14
D-12装甲车,14
D-8装甲车,14
九四式骑兵装甲车,14
一号C型坦克,14
BMP-23步兵战车,14
T-90主战坦克,14
蝎式轻型(侦察)坦克,14
T-29重型坦克,14
最新外贸型6X6轮式装甲输送车,14
FCM F1超重型坦克,14
M113A2装甲人员运输车,14
M1A1/M1A2“艾布拉姆斯”,14
M107型175毫米自行火炮,14
VN3轮式装甲车,14
LMC1500雪地车,14
“半人马座”坦克歼击车,14
44型轮式装甲人员输送车,14
T57/T58重型坦克,14
E-25驱逐战车,14
95式轻战车,14
MT-LB多用途履带式装甲车,14
通用装甲车,14
T-54/T-55主战坦克,14
特别行动车,14
98式主战坦克,14
M2A1半履带式装甲人员输送车,14
依维柯轻型多用途车,14
155毫米AS90自行火炮,14
VXB-170装甲人员运输车,14
FV432装甲人员运输车,14
ZBD-2000轻型履带式伞兵步战车,14
“美洲豹”战斗工兵车,14
RAM轻型装甲战车族,14
AIFV装甲步兵战车,14
DAC2.65FAEG两栖车,14
“虎”式装甲越野车,14
BRDM-2两栖侦察车,14
MBT-2000“哈立德”主战坦克,14
WZ551轮式装甲车,14
“黄鼠狼”1A3步兵战车,14
 “斯巴达人”装甲人员运输车,14
T43/M103 重型坦克,14
IKV-91轻型坦克,14
69式主战坦克,14
“鹰”式装甲侦察车,14
84式架桥车,14
BVP M80A步兵战车,14
“拳击手”多用途装甲车,14
“费列特”侦察车,14
“纳美尔”装甲运兵车,14
BMR-600轮式步兵战车,14
PzKpfw Ⅳ/四号坦克,14
M551谢里登轻型坦克/侦察车,14
T-46轻型坦克,14
MkF3自行火炮,14
GT-T履带式雪地两栖车,14
ASCOD机械化步兵战车,14
ZFB-05系列轻型轮式装甲车,14
E-100超重型坦克,14
“肖兰德”装甲巡逻车,14
74式主战坦克,14
86式履带式步兵战车,14
BRDM-2两栖侦察车,14
一式中战车,14
T-60轻型坦克,14
T-100坦克,14
75式155毫米自行火炮,14
一号B型坦克,14
轮式通用装甲车,14
大宇KIFV步兵战车,14
MRAP防地雷反伏击车,14
ZSL92A型(WMZ551B)轮式装甲人员输送车,14
NFV-1步兵战车,14
LMC1800雪地车,14
M26/潘兴/Pershing重型坦克,14
D-8S空降装甲车,14
AMX-10P步兵战车,14
“堕落者”主战坦克,14
SMK重型坦克,14
西班牙VAP3550两栖车,14
LAV-300装甲战车,14
M60A3主战坦克,14
SU-100坦克歼击车,14
瑞士MR8系列轮式装甲人员输送车,14
64式轮式装甲输送车,14
“飞虎”30毫米自行高炮,14
ASV150装甲安全车/防暴车,14
丹尼尔G6型155毫米自行火炮,14
62式轻型坦克,14
M38/猎狼犬/ Wolfhound装甲车,14
T-72S主战坦克,14
沃尔斯利装甲汽车,14
AMX-13轻型坦克,14
90主战坦克,14
三星特克温K9“雷电”自行火炮,14
九五式轻战车,14
一号炸药搬运车,14
CV90装甲战车,14
四式中战车,14
红箭-8轮式反坦克导弹发射车,14
BTR-40装甲人员运输车,14
“狐”式轻型装甲车,14
89式乙型中战车,14
BTR-152装甲人员运输车,14
利奥尼达斯履带式战车,14
智利VTP-1猎鲸轮式多用途装甲车,14
五式中战车,14
BTR-90装甲人员运输车,14
TAB-72轮式装甲人员输送车,14
BA-27M装甲车,14
T-35重型坦克,14
索玛S-35中型坦克,14
TM170装甲人员运输车,14
EFV远征战车,14
84式坦克抢修车,14
77式两栖装甲运输车,14
VEC轮式骑兵侦察车/毕卡索（Pegaso）VEC3562,14
88式主战坦克,14
“游骑兵”装甲人员运输车,14
M2中型坦克,14
NJ2046系列,14
M48坦克,14
洛尔Fardier FL500和FL501轻型车,14
“克莱博”155毫米自行火炮,14
SH1型155毫米车载火炮,14
T-62主战坦克,14
一号B型训练坦克,14
63式履带式装甲车族,14
C-1“公羊”主战坦克,14
M113型装甲运兵车,14
240毫米自行迫击炮M1975,14
95式抢救战车,14
Mk3主战坦克,14
KV重型坦克,14
OMC“卡斯皮”MkⅢ装甲人员运输车,14
BA-10装甲车,14
BLR轮式装甲人员输送车,14
T-44中型坦克,14
AB3“黑鸢尾”和“沙漠鸢尾”轻型特种部队车,14
97式抢救战车,14
一号防空坦克,14
FV603撒拉逊轮式装甲人员输送车,14
PzKpfw VII /七号坦克/狮式,14
M-60装甲人员运输车,14
T-70轻型坦克,14
凯迪拉克·盖奇侦察车,14
E-50标准战斗坦克,14
联合防务公司LVTP7(AAV7A1)两栖突击车,14
BA-27装甲车,14
VN2轮式装甲车,14
“帕尔玛利亚”155毫米自行火炮,14
试制特三型飞行战车,14
87式双35自行高炮,14
“罗兰德”装甲人员运输车,14
T-27轻型坦克,14
T-26轻型坦克,14
OMC RG-12巡逻装甲人员运输车,14
特3式内火艇(“卡其”),14
BA-22装甲车,14
BMP-1步兵战车,14
Aquatrack履带式两栖车,14
BT坦克,14
TAB-77装甲人员运输车,14
北方83式自行火炮,14
155毫米/45口径PLZ45自行榴弹炮,14
路虎·卫士,14
智利VTP-2埃斯卡拉博轮式装甲人员输送车,14
百式100吨重战车,14
SU-85驱逐坦克,14
全地形履带式运输车(ATTC)/“野马”(Bronco),14
BOV-VP装甲人员运输车,14
快速部署部队轻型坦克(RDF/LT),14
切诺斯公司轻型攻击车（LSV）,14
BTR-80装甲人员运输车,14
BMP-3步兵战车,14
T-37两栖侦察坦克,14
“潘德”装甲人员运输车,14
T17/猎鹿犬/Deerhound装甲车,14
BRDM-1两栖侦察车,14
“秃鹰”装甲人员运输车,14
“乌鲁图”装甲人员运输车,14
97式中战车,14
T-99“阿玛塔”坦克,14
豹-II主战坦克,14
LB-23/BA-21装甲车,14
特1式内火艇（“卡米”）,14
巴西XMP-1履带式装甲人员输送车,14
D1坦克,14
70式122毫米自行榴弹炮,14
VAB装甲人员运输车,14
T-18坦克,14
BDX装甲运输车,14
AMX-10RC侦察车,14
九一式重战车,14
ZBD-04式步兵战车,14
T30/T34/T32坦克,14
潘哈德VBL轮式侦察车,14
M109A2型155毫米自行火炮,14
O-1型120吨重战车,14
97式改中战车,14
BT-2轻型坦克,14
ZTZ-79式主战坦克,14
IS-2重型坦克,14
“美洲虎”1自行反坦克导弹发射车,14
TNH坦克,14
PLL-05式120毫米自行迫击榴弹炮,14
63式轻型两栖坦克,14
“大山猫”装甲车,14
美国AAAV先进两栖突击车,14
“野牛”装甲人员运输车,14
E-75标准战斗坦克,14
PT-91主战坦克,14
PSZH-IV装甲人员运输车,14
雷诺R40战车,14
潘哈德M3装甲人员运输车,14
BA-64/BA-64B装甲车,14
FAI-M装甲车,14
维克斯装甲汽车,14
LT-38轻型坦克,14
BT-3快速坦克,14
82式指挥通信车,14
桑塔纳88型军用轻型车,14
多用途运输车/LBV（非洲小狐）,14
九八式改轻战车,14
T-24中型坦克,14
一号A型坦克,14
IS-6重型坦克,14
海盗轮式装甲人员输送车,14
ABI装甲车,14
M75履带式装甲人员输送车,14
PzKpfw III/三号坦克,14
WMZ551QJ轮式装甲抢救车,14
LMC1500雪地车,14
LYT2021超轻型轮式伞兵突击车,14
TAM坦克,14
M22/蝉/Locust空降坦克,14
74式火箭布雷车,14
IS-1重型坦克,14
LT-34轻型坦克,14
“肖兰德”S55装甲人员运输车,14
83式152毫米自行加榴炮,14
89型122毫米自行榴弹炮,14
PzKpfw II/二号坦克,14
水牛轮式装甲人员输送车,14
“蟋蟀”轻型攻击车,14
BAD双炮塔车,14
LMC1200雪地车,14
“龙骑士”装甲车,14
BvS10装甲人员运输车,14
卡达“瓦利德”装甲人员运输车,14
ZTZ-80主战坦克,14
日本13式机动坦克,14
VFM-5轻型坦克,14
59式主战坦克,14
ZBD-05两栖突击车,14
“百夫长”坦克,14
OF-40主战坦克,14
CVN-72/林肯号/Lincoln 航空母舰,15
7102型玻璃钢扫雷艇,15
野岛级PLH型/隐岐号PL型巡视舰,15
BB-52/北卡罗来纳号,15
毕升号综合试验舰（891）,15
青叶号/Aoba,15
“圣•安东尼奥”级两栖运输舰,15
朝潮级/Asashio 驱逐舰,15
远望22号火箭运输船,15
“旗风”（Hatakaze）级导弹驱逐舰,15
XXI型U艇,15
“布朗上将”级（Meko 360）导弹驱逐舰,15
271型/玉盆级登陆舰,15
092夏级战略导弹核潜艇,15
IX型U艇,15
玛丽皇后级 战列舰,15
克里蒙梭级,15
木曾号/KISO,15
白露级/Shiratsuyu驱逐舰,15
45米级导弹护卫艇,15
“卡辛”级（Kashin）导弹驱逐舰,15
“铜陵”号（542）,15
CV-19/汉科克号/航空母舰,15
海声582 小型水声工作船,15
“三伙伴”(Tripartite)级猎雷艇,15
初春级/Hatsuharu 驱逐舰,15
886 千岛湖号补给舰,15
Baklan级高速拦截艇级,15
萨姆达拉级控污艇,15
“宜宾”号（552）导弹护卫舰,15
大鹰号/Taiyo 航空母舰,15
海监71,15
951 纳吉姆·扎费尔号导弹护卫舰,15
“鹳”级重型气垫船,15
“萍乡”号（507）护卫舰,15
CV-36/安提但号/航空母舰,15
F-22P级护卫舰,15
“长尾鲛”级潜蛙人运送艇,15
BB-37/俄克拉荷马号,15
“栗谷李珥”号宙斯盾舰,15
MIG-G-O8OO,15
“哈尔滨”号(112),15
济远舰/巡洋舰,15
“智慧女神”级,15
069型(玉清级)小型登陆艇,15
“宁波”号(139)驱逐舰,15
“地平线”级驱逐舰,15
CV-64/星座号 航空母舰,15
古鹰级/Furutaka,15
CV-61/突击者号 航空母舰,15
918型（沃雷Wolei级）布雷舰,15
882 鄱阳湖号补给舰,15
“杭州”号(136)驱逐舰,15
359号常规动力攻击潜艇,15
远征24号（324）常规攻击潜艇,15
北调993 综合试验船,15
“巴罗索”级导弹护卫舰,15
CVN-70/卡尔.文森号/Carl Vinson 航空母舰,15
高速巡逻艇,15
“梅格纳/格拉哲”（Meghna／Grajau)级通用巡逻舰,15
“石狩”／“夕张”级导弹护卫舰,15
独角兽号/Unicorn航空母舰,15
扶桑级/Fuso战列舰,15
海监44测量船,15
鹰级/Aigle/埃格利,15
北上号/Kitakami 巡洋舰,15
“司令”级近岸巡逻舰,15
东修911潜艇修理舰,15
BB-21/堪萨斯号,15
海圻号 巡洋舰,15
214级常规攻击型潜艇,15
田纳西级战列舰,15
大青花鱼级潜艇,15
“世宗大王”号宙斯盾驱逐舰,15
林仙级轻巡洋舰/Arethusa,15
Swiftships级河川巡逻艇,15
“花月”(Floréal）级导弹护卫舰,15
摩耶号/Maya 巡洋舰,15
冲鹰号航空母舰/Chuyo,15
422 塔克辛(Taksin)号,15
出云号直升机驱逐舰,15
6610型(曙光级)海洋调查船,15
“镇江”号（514）护卫舰,15
“成都”号(506)护卫舰,15
937号综合训练舰,15
玉海中型登陆舰,15
CVN-69/艾森豪威尔号/Eisenhower 航空母舰,15
比睿号/Hiei巡洋战舰,15
“暴风”（Ouragan）级船坞登陆舰,15
“崔莹”号驱逐舰,15
“德尔塔”(Delta)Ⅳ级(“海豚”级，667BDRM型)弹道导弹核潜艇,15
“惠德贝岛”(whidbeyIsland)级/“哈珀斯费里”级船坞登陆舰,15
汉级（091型）长征3号（403）潜艇,15
R-1潜水员输送载具（SDV）,15
“南昌”号(163),15
“尼米兹”级核动力航空母舰,15
BB-5/奇沙治号,15
广甲舰 巡洋舰,15
“兰德索尔特”级猎雷舰,15
Orca潜水员输送载具（SDV）,15
971型/阿库拉级（AK级）核潜艇,15
“哥德堡”级,15
龙骧号/Ryujo轻型航空母舰,15
鹰潭号（531）,15
“前卫”级弹道导弹核潜艇,15
巨人级轻型航母,15
桥立号/Hashidate 巡洋舰,15
“海南”(Hainan)级(037型)通用巡逻舰,15
欧洲野牛气垫登陆舰,15
海监84,15
“东海”(DongHae)级轻型护卫舰,15
“安顺”号（554）护卫舰,15
670型/查理级（C级）,15
456邦巴功号导弹护卫舰,15
“丹东”号（543）护卫舰,15
949型/花岗岩/奥斯卡级核潜艇,15
“榛名”（Haruna）级导弹驱逐舰,15
南达科他级战列舰(1920年),15
鲨鱼级/成山高级/Sang-O,15
南达科他级战列舰(1941年),15
BB-49/南达科他号战列舰,15
那珂号轻巡洋舰/Naka,15
BB-46/马里兰号/Maryland 战列舰,15
BB-15/佐治亚号战列舰,15
约克级重型巡洋舰,15
玉岛级中型登陆舰,15
勘察三号深水兵器试验船,15
飞龙号/Hiryu航空母舰,15
博格级护航航空母舰,15
高速拦截艇（HSIC）,15
长征2号潜艇(402),15
BB-1/印第安纳号/Indiana,15
“金斯顿”（Kingston)级近海防御舰/反水雷舰,15
瑞鹤号/Zuikak,15
金刚级/Kongo战列舰,15
613型/威士忌级(W级）,15
海监50,15
“索尔兹伯里”(Salisbury）级 (61型）通用护卫舰,15
CVL-27/兰利号/Langley,15
翔鹤级/Shokaku,15
攻击艇,15
309号常规动力攻击潜艇,15
“银川”号(107),15
361号常规动力攻击潜艇,15
BB-9/威斯康辛号/Wisconsin,15
伊势级/Ise,15
“仙后座”(Cassiopea)级近岸巡逻舰,15
山城号/Yamashiro,15
崇明岛号远洋打捞救生船(862),15
阿蘇山级PL型巡逻舰,15
“舟山”号（537）护卫舰,15
孤拔级/科尔贝级战列舰,15
“遵义”号(134) 驱逐舰,15
埃塞克斯级航空母舰（Essex）,15
青叶级/Aoba,15
“湛江”号(165)驱逐舰,15
缅因级战列舰,15
基洛级（877EKM/636/636M型）366号常规潜艇,15
“布朗斯坦”(Bronstin)级通用护卫舰,15
“火花/萨尔4”级导弹巡逻舰,15
海上防卫艇,15
格立夫斯级/Gleaves 驱逐舰,15
科罗拉多级,15
莱比锡级,15
天龙级/Tenryu,15
051C级驱逐舰,15
“玛库特·拉贾库玛林”级通用护卫舰,15
远征17号（317）常规动力攻击潜艇,15
远望4号测量船,15
307号常规动力攻击潜艇,15
BB-23/密西西比号战列舰,15
“阿萨德”（Assad）/“埃斯梅拉达”/“拉克萨玛纳”级导弹轻型护卫舰,15
“东莞”号（560）护卫舰,15
瓦德亚级 截击艇,15
“尼泰罗伊”(Niteroi）级护卫舰,15
赫尔辛基”(Helsinki)级快速导弹巡逻舰,15
经远级巡洋舰,15
“开封”号(109),15
“黄石”号（535）导弹护卫舰,15
363号常规动力攻击潜艇,15
海监83,15
“帕拉”(Pará）级(原美国“加西亚”级）通用护卫舰,15
“中东”号（532）防空型护卫舰,15
685型/麦克级(M级),15
潍坊舰(550),15
“法塔希拉”（Fatahillah）级导弹护卫舰,15
“艾尔瓦洛·迪巴赞”(Alvaro de Bazan)级,15
熊野号/Kumano 重巡洋舰,15
“毒蜘蛛”I/II/III级轻型导弹护卫舰,15
声望级战列巡洋舰,15
“勘查一号”深潜器母船,15
625C型海洋测量船,15
“加富尔”(Cavour)级常规动力航空母舰,15
“蛙”(Frosch)l级(108型)中型登陆舰(LSM),15
CV-15/伦道夫号,15
“卡亚”级,15
赤城号/Akagi 航空母舰,15
生驹号/Ikoma 巡洋舰,15
062型(上海级)高速护卫艇,15
港口巡逻艇（HSIC）,15
黎赛留级战列舰/Richelieu,15
杰拉尔德·R·福特号航空母舰,15
“敏捷”（Swiftsure）级核动力攻击型潜艇,15
“初岛”(Hatsushima)/“宇和岛”(Uwajima)级扫雷舰,15
659/675型/回声级(E级),15
940型/印度级(I级)救援潜艇,15
“鱼鹰”(Osprey)级猎雷舰,15
“卡姆罗辛”级护卫舰,15
P400级,15
快速冲击拦截艇,15
天王星号侦察船（853）,15
056型护卫舰,15
“龙卷风”(cyclone)级通用快速巡逻舰,15
睦月级/Mutsuki 驱逐舰,15
BB-8/亚拉巴马号/Alabama战列舰,15
“无畏”(Fearless)级近岸巡逻舰,15
未来航空母舰,15
海监66,15
尼古拉一世级 战列舰,15
“机敏”(Astute)级核动力攻击型潜艇,15
“卡雷尔•多尔曼”（Karel Doorman）级导弹护卫舰,15
254 阿斯雷特（Aslat）号护卫舰,15
汉级（091型）长征1号（401）潜艇,15
“西宁”号(108),15
基洛级（877EKM/636/636M型）367号潜艇,15
几加白级沿岸巡逻艇,15
CV-10/约克城号,15
“湘潭”号（556）导弹护卫舰,15
“小鹰”与“约翰F.肯尼迪”级常规动力航空母舰,15
030型（W级）常规动力攻击潜艇,15
“跤”(Sanger-O)级潜艇,15
CV-5/约克城号航空母舰/Yorktown,15
马汉级驱逐舰/Mahan,15
305号常规动力攻击潜艇,15
硬质攻击艇,15
海监51,15
远望6号,15
021型导弹艇,15
南救503打捞救生船,15
661型/帕帕级（P级）,15
玉连级（079型）中型登陆舰,15
614III型海洋综合调查船,15
614II型海洋水文天气调查船,15
“勇猛”级,15
宾夕法尼亚级,15
夕张号/Yubari,15
百眼巨人号/Argus 航空母舰,15
半人马级航空母舰,15
“图尔维尔”(F 67型)级导弹驱逐舰,15
BB-39/亚利桑那号/Arizona 战列舰,15
康涅狄格级战列舰,15
秋津洲号/Akitsushima 航空母舰,15
“文莱”(Bnnei)级导弹轻型护卫舰,15
CV-32莱特号航空母舰,15
312型遥控扫雷艇,15
BB-7/伊利诺伊号,15
“茂名”号（551）护卫舰,15
“喀拉”级导弹巡洋舰,15
松岛号防护巡洋舰/matsushima,15
远征27号（327）常规攻击潜艇,15
“鹿特丹/加里西亚”级两栖登陆舰,15
“普罗文斯”,15
CV-38/香格里拉号/航空母舰,15
“勇敢”(Audace)级导弹驱逐舰,15
纳尔逊级,15
“贾拉拉特”级导弹艇,15
基洛级（877EKM/636/636M型）364号常规潜艇,15
“克比尔”(kebir)级巡逻舰,15
“赔鹏”782重型气垫船,15
310号常规动力攻击潜艇,15
CVN-76/里根号/Ronald Reagan 航空母舰,15
“尹永夏”级(PKG)导弹巡逻艇,15
615型/魁北克潜艇/Q级 AIP潜艇,15
特种巡逻快艇,15
玉登级中型登陆舰,15
“日向”级直升机母舰,15
CVL-30/圣贾辛托号/San Jacinto航空母舰,15
贝亚恩号航空母舰/Bearn,15
海监18,15
“金刚”(kongou)级导弹驱逐舰,15
向阳红5号海洋调查船,15
AL-Shaali型硬质充气艇,15
421 纳莱颂恩(Naresuan)号,15
米勒斯吉拿斯号,15
251 佐勒菲卡尔(Zulfiquar)号护卫舰,15
“宁波”号（533）导弹护卫舰,15
“韶关”号（553）护卫舰,15
082型江河港湾扫雷舰,15
西约特兰级/射手级/南曼兰级,15
“海象”(Walrus)级常规攻击型潜艇,15
海监40(向阳红01),15
VII型U艇,15
LCS-5/密尔沃基号濒海战斗舰,15
加古号/Kako巡洋舰,15
“波克”I/II级轻型导弹护卫舰,15
华罗庚号综合试验舰（892）,15
胡阿·贝罗司令”(Comandante JoaoBelo)（通用护卫舰)／“利维埃尔司令”级导弹护卫舰,15
妙高级/Myoko 巡洋舰,15
“佛山”号（559）导弹护卫舰,15
最上号/Mogami,15
A47 纳色尔号补给船,15
铃谷号/Suzuya 巡洋舰,15
BB-62 新泽西号 New Jersey,15
“海豚”级常规攻击型潜艇,15
CV-59/福莱斯特号 航空母舰,15
“水上摩托”攻击艇,15
“安庆”号（539）护卫舰,15
成功级护卫舰,15
“勇敢”（45型）级导弹驱逐舰,15
凤翔级/Hosho航空母舰,15
由良号/Yura,15
“长沙”号(161) 导弹驱逐舰,15
“金华”号（534）护卫舰,15
神鹰级/Chiyoda 航空母舰,15
远望21号火箭运输船,15
胡蜂号航空母舰（CV-18）,15
云龙级/Unryu,15
“广州”号(168)驱逐舰,15
625/625B型调查船,15
敷岛级PLH型巡视舰,15
4级和5级远程可潜水运载工具（LRSC）,15
CV-47/菲律宾海号/航空母舰,15
CV-63/小鹰号 航空母舰,15
“奥斯陆”级导弹护卫舰,15
209级潜艇,15
海监82,15
“费雷”（“勇敢”）级导弹驱逐舰,15
“索德蒙兰”（Sǒdermanland）级常规攻击型潜艇,15
073型中型登陆舰,15
455 昭披耶导弹护卫舰,15
圣保罗号/福熙号,15
“狼”（Lupo）级导弹护卫舰,15
SS-792海豹号（原美军USS-426 Tusk 长牙号）,15
"""海洋22""钱三强号测量船",15
衣阿华级战列舰,15
海监17,15
郑地号潜艇,15
未知型号快速医疗救助艇,15
考德威尔级/Caldwell,15
CVL-29/巴丹号/Bataan航空母舰,15
海监32,15
Chariot CE2F/X100T潜水员输送载具,15
BB-10/缅因号/Maine,15
阿武隈号/Abukuma巡洋舰,15
拉德罗级/Rudderow,15
871 锡米兰号补给舰,15
“伊势”号直升机母舰,15
“公爵”级(23型),15
677型/拉达级,15
Jurmo级快速攻击艇,15
维卡兰号/VIKRANT航母,15
夕张级/Yubari,15
“克拉里”(Kralj)级(R-03型)导弹轻型护卫舰,15
CV-39/张伯伦湖号,15
“圣女贞德”级,15
远望1号,15
峰风级/Minekaze驱逐舰,15
069型航道测量船,15
海监15,15
“江河”(River)级巡逻舰,15
“斯皮卡-M”/“汉达兰”级快速导弹巡逻舰,15
“塔拉瓦”级两栖攻击舰,15
641型/狐步级(F级),15
633型/罗密欧级(R级),15
“东川”号(504)护卫舰,15
苍龙级AIP潜艇,15
羽黑号/Haguro 重巡洋舰,15
“奥坎/萨斯尼茨”级护卫舰,15
“广开土大王”（KDX-1）级导弹驱逐舰,15
天城级/Amagi 战列舰,15
远征28号常规攻击潜艇(328),15
部族级驱逐舰/Tribal,15
“泰提斯”（Thetis）级通用护卫舰,15
“孔雀/加辛托”级通用巡逻舰,15
勘查二号深潜器母船,15
“霍克”(Hauk)级快速导弹巡逻舰,15
“德里”（Delhi）级导弹驱逐舰,15
长岛号潜艇救援舰（867）,15
球磨级/Kuma,15
BB-56/华盛顿号战列舰/Washington,15
“卡农”（cannon）级通用护卫舰,15
BB-31/犹他号/Utah 战列舰,15
BB-41/密西西比号战列舰,15
晓级/Akatsuki 驱逐舰,15
“兰州”号(170)驱逐舰,15
026型钢质鱼雷艇,15
354号常规动力攻击潜艇,15
竞技神号/Hermes 航空母舰,15
“布兰登堡”(Brandenburg）级(F123型)导弹护卫舰,15
“现代”（Sovremenny）级导弹驱逐舰,15
邓拉普级驱逐舰/Dunlap,15
“斗士”II/IIA级快速导弹巡逻舰,15
“克里瓦克”（Krivak）I／II／III级 导弹护卫舰,15
BB-46/马里兰号战列舰,15
南卡罗来纳级战列舰,15
凯旋级核潜艇,15
“朝雾”(Asagiri)级导弹驱逐舰,15
“山云”（Yamagumo）级导弹驱逐舰／反潜驱逐舰,15
多摩号/Tama轻巡洋舰,15
怀俄明级战列舰,15
日进号/Nisshin 航空母舰,15
长良级/Nagara 巡洋舰,15
“海狼”级,15
“夕潮”（Yuushio） 级常规动力潜艇,15
龙田号/Tatsuda,15
“达比/巴扬多尔”级护卫舰,15
独岛级两栖攻击舰,15
BB-13/弗吉尼亚号,15
B航舰,15
072A型大型登陆舰,15
莱比锡号/Leipzig,15
北救122打捞救生船,15
BB-24/爱达荷号/Idaho 战列舰,15
定远级巡洋舰,15
635型中型海道测量船,15
恩登号/Ender轻巡洋舰,15
“新港” (Newport)级两栖人员登陆舰/坦克登陆舰,15
722/722Ⅱ型气垫登陆艇,15
天城号/Amagi,15
靖远舰/巡洋舰,15
瑞穗级PLH型巡视舰,15
BB-20/佛蒙特号战列舰,15
"""蒲田""号(523)导弹护卫舰",15
“绵阳”号（528）导弹护卫舰,15
“海蛇”(Sjoormen)级(A 12)常规攻击型潜艇,15
BB-17/罗德岛号/Rhode Island 战列舰,15
“西北风”级导弹护卫舰,15
“易洛魁人”(Iroquoi)级导弹驱逐舰,15
“拉马丹”(Ramadan)级快速导弹巡逻舰,15
“昭披耶”级,15
神威号/Kamoi,15
“南平”号(517)护卫舰,15
支持者级潜艇,15
高速拦截艇,15
883 阳澄湖号补给舰,15
“麦纳麦”／“胜利”／“默里·吉布”级轻型导弹护卫舰,15
356号常规动力攻击潜艇,15
“裕古”和P-4级小型潜艇,15
武藏号/Musashi 战列舰,15
“豹”(Leopard）级(41型）通用护卫舰,15
隼鹰号/Junyo 航空母舰,15
887 微山湖号补给舰,15
“大刀”(Broadsword，22型Batch 1）级导弹护卫舰,15
“弗吉尼亚”级核动力攻击型潜艇,15
BB-32/怀俄明号/Wyoming 战列舰,15
南救502近海潜水救生船,15
BB-19/路易斯安那号/Louisiana 战列舰,15
“斯登卡”（Stenka) (205P型)级通用快速巡逻舰,15
“福州”号(137)驱逐舰,15
出云号/Izumo 巡洋舰,15
旅大级驱逐舰,15
日向号/Hyuga,15
“女将”(Amazon）导弹护卫舰通用护卫舰,15
远征22号（322）,15
“诺克斯”级护卫舰,15
CVB-41中途岛/Midway 航空母舰,15
“富兰克林”号航空母舰(CV-13),15
“亲潮”（Oyashio）级常规攻击型潜艇,15
Meko200级,15
维克拉姆级近岸巡逻艇,15
勘察四号声跟踪辅助工作船,15
CVL-26/蒙特里号/Monterey航空母舰,15
阿贺野级/Agano巡洋舰,15
“阿戈斯塔”级常规动力潜艇,15
英国高速拦截艇（HSIC）,15
海监62,15
Aquarius级快速巡逻船,15
“江湖”级(053HT型）导弹护卫舰,15
高速潜入艇（HSIC）和不完全潜艇,15
莱昂纳多·达·芬奇号,15
“罗津”级导弹护卫舰,15
截击船,15
内华达级,15
天津风级驱逐舰,15
“帕契姆”级反潜护卫舰,15
阿尔汉格尔斯克号战列舰,15
“利安德”级导弹护卫舰,15
BB-35/得克萨斯号/Texas 战列舰,15
先进海豹输送系统（ASDS）,15
梭鱼级潜艇,15
红色高加索号 重巡洋舰,15
“克劳德•琼斯”级导弹护卫舰,15
远望2号测量船,15
362号常规动力攻击潜艇,15
“深圳”号(167)导弹驱逐舰,15
鲑鱼级/玉桂级/Yono 潜艇,15
冯·德·坦恩号战列巡洋舰,15
“凯旋”级弹道导弹核潜艇,15
海监52,15
若宫号/Wakamiya 航空母舰,15
远望3号,15
统治者级/Ruler 航空母舰,15
“美国”级两栖攻击舰1号舰(LHA6),15
BB-27/密歇根号/Michigan 战列舰,15
远征15号（315）常规攻击潜艇,15
CV-4/游骑兵号/Ranger航空母舰,15
“尤纳”级小型潜艇,15
P29B导弹艇,15
榛名号/Haruna,15
DDG1000朱姆沃尔特驱逐舰,15
“北海”号（558）导弹护卫舰,15
泰拖尔”(Tetal)／“泰拖尔”改进型护卫舰,15
BB-47/华盛顿号战列舰,15
“不屈”级弹道导弹核潜艇,15
“戈达瓦里”级导弹护卫舰,15
远征16号（316）攻击潜艇,15
陆奥号/Mutsu,15
CV-34/奥里斯坎尼号,15
“弗兰肯索” (Frankenthal)级猎雷舰,15
鸟海号/Chokai 重巡洋舰,15
832（南运830，南医09），琼沙级医院船,15
“昭通”号（555）护卫舰,15
885型/亚森级 核潜艇,15
“哈利法克斯”（Halifax）级直升机护卫舰／导弹护卫舰,15
BB-38/宾夕法尼亚号/Pennsylvania,15
“信天翁”(Albatros)(143型)级快速导弹巡逻舰,15
“诺科平”(Norrkoping)级快速导弹巡逻舰,15
“拉达那哥欣”级,15
BB-66/肯塔基号/Kentucky 战列舰,15
6605、6610型扫雷艇,15
名取号/Natori 轻巡洋舰,15
“娜佳”(Narya)I级(266M型)扫雷舰,15
拉法叶号/R96/兰利号,15
“无畏”(Neustrashimy)级(“鹞”，1154型)导弹护卫舰,15
大淀级/Oyodo轻型巡洋舰,15
CVN-73/华盛顿号/George Washington 航空母舰,15
CV-37/普林斯顿号/航空母舰,15
BB-70/新罕布什尔号,15
“蓝岭”级两栖指挥舰,15
Mk Ⅷ Mod1型海豹输送艇（SDV）,15
“下关”号（501）火炮护卫舰,15
胡安·卡洛斯一世号战略投射舰,15
052B型驱逐舰(“旅洋”I级),15
海豚号/Delfino/德尔菲诺,15
BB-60/亚拉巴马号,15
BB-4 艾奥瓦/衣阿华号战列舰,15
R-2Mala级潜水员输送载具（SDV）,15
BB-37/俄克拉何马号/Oklahoma 战列舰,15
瑞穗号/Nisshin 航空母舰,15
“西昌”号(508) 护卫舰,15
“恩斯多夫”(Ensdorf)级(352型)猎雷舰,15
津轻级PLH型巡视舰,15
CV-20/本宁顿号,15
“猎豹”(Gepard)(143A)级快速导弹巡逻舰,15
Manta级高速巡逻/拦截艇,15
远征14号（314）常规攻击潜艇,15
BB-25/新罕布什尔号,15
BB-71 路易斯安那号,15
扫罗级潜艇,15
石家庄舰(116)驱逐舰,15
天盐级PM型中级巡视船,15
“权栗”号宙斯盾舰,15
“范·斯佩克”(Vanspeijk)级导弹护卫舰,15
卓越级航空母舰,15
兵器级驱逐舰/Weapon,15
库尔斯克号核潜艇,15
5月25日号,15
特拉华级战列舰,15
“桂树神”（Daphné）级（“汉果”级，“青花鱼”级，“海豚”级）常规攻击型潜艇,15
“大黄蜂”号航空母舰（CV-8）/Hornet,15
852 海王星侦察船/向阳红21号/海洋13号,15
海监75,15
光辉级航空母舰,15
能代号/Noshiro 巡洋舰,15
Mk 9“沃斯伯•索尼克罗福特”级,15
BB-48/西弗吉尼亚号/West Virginia,15
云龙号/Unryu,15
R21/墨尔本号/Melbourne,15
“哈米纳”(Hamina)级快速导弹巡逻舰,15
“温州”号（526）护卫舰,15
“亨特”(Hunt)级扫雷舰／猎雷舰,15
“德沃拉/海鸥”(Dvora/Haiou)级快速导弹巡逻舰,15
阿贺野号/Agano轻巡洋舰,15
定远舰战列舰,15
358号常规动力攻击潜艇,15
CV-33/奇沙冶号,15
巡洋级/卡秋莎级/K级,15
614I型海洋水文天气调查船,15
“马拉塞斯蒂”(Marasesti) 级导弹护卫舰,15
笠置号/Kasagi,15
近岸巡逻艇/导弹艇,15
726型气垫登陆艇,15
海监73,15
“淮南”号（540）,15
贝劳森林号航空母舰/CVL-24,15
哥特兰级潜艇,15
“苏堪亚”(Sukanya)级近岸巡逻舰,15
“圣·乔治奥”(San Giorgio)级船坞式两栖运输舰,15
R38/胜利号/Victorious,15
“巴丹”号航空母舰（CVL-29）/Bataan,15
世昌号国防动员船（82）,15
阳炎级/Kagero 驱逐舰,15
81 郑和号训练舰,15
039型“宋”级潜艇,15
“侦察”级导弹护卫舰,15
桑普森级驱逐舰/Tucker,15
“俄亥俄”级核潜艇,15
BB-31/AG-16/犹他号/Utah 战列舰,15
212A级常规攻击型潜艇,15
“阿斯图里亚斯亲王”级反潜航空母舰,15
941型/阿库拉级/台风级核潜艇,15
CV-11/勇猛号航空母舰,15
“太刀风”（Tachikaze）级导弹驱逐舰,15
“马鞍山”号（525）护卫舰,15
决心级/Resolution核潜艇,15
海监27,15
646型扫海测量船,15
“乔治•莱格”（Georges Leygues）级导弹驱逐舰,15
KDX－2级导弹驱逐舰,15
“城堡”级近海巡逻舰,15
CVB-43/珊瑚海/Coral Sea 航空母舰,15
658型/旅馆级(H级),15
胡德号 战列巡洋舰,15
“比塞大”级通用巡逻舰,15
“南京”号(131)驱逐舰,15
“重庆”号(133) 驱逐舰,15
Cougar Enforcer 级高速拦截艇（HSIC）,15
“汉”级(091型)核动力攻击型潜艇,15
“旅海”(Luhai)级导弹驱逐舰,15
“普拉岸”(Prat)级（原“郡”级)驱逐舰,15
“弗莱维费斯肯”级通用巡逻舰,15
翔鹤号/Shokaku 航空母舰,15
031型（G级）常规动力导弹潜艇,15
衣笠号/Kinugasa,15
CV-1/AV-3/Langley/兰利号航空母舰,15
海监49,15
BB-16/新泽西号,15
千岁号/Zuiho,15
岛风级/Shimakaze 驱逐舰,15
加富尔伯爵号战列舰,15
TNC 45级通用快速巡逻舰,15
大和级/Yamato战列舰,15
昆明号（505）,15
干甲板掩蔽舱,15
Z级驱逐舰,15
CVL-22/独立号/Independence航空母舰,15
“青岛”号(113),15
永兴岛号远洋打捞救生船(863),15
“大刀”(Btoadsword)级(22型Batch 3)导弹护卫舰,15
861 长兴岛号远洋打捞救生船,15
狮级/Lion 战列巡洋舰,15
气垫艇,15
068型航道测量船,15
大井号/Oii 轻巡洋舰,15
“基洛”级常规潜艇,15
“无锡”号（512）导弹护卫舰,15
“好人理查德”号航空母舰(CV-31),15
352号常规动力攻击潜艇,15
乌拉级潜艇,15
“维克托”(Victor)Ⅲ级(“梭子鱼”级，671RTM型)核动力攻击型潜艇,15
CVL-23/普林斯顿号/Princeton航空母舰,15
祥凤号/Shoho,15
“开封”号（520）导弹护卫舰,15
“阿米代尔”(Armidale)级巡逻舰,15
波特级驱逐舰/Porter,15
CV-16/列克星敦号 航空母舰,15
357号常规动力攻击潜艇,15
“武汉”号(169) 驱逐舰,15
“白根”(Shirane)级导弹驱逐舰／直升机驱逐舰,15
吉野号快速/YOSHINO巡洋舰,15
“泰州”号(138)驱逐舰,15
克列斯塔I级 巡洋舰,15
945型/梭鱼/S级核潜艇,15
“大隅”(Osumi)级船坞式两栖登陆舰,15
“拉斐特”级导弹护卫舰,15
CV-3/萨拉托加号/Saratoga　航空母舰,15
辽宁舰,15
“卡萨德”(cassard)级(F 70)导弹驱逐舰,15
“雅克布•范•希姆斯柯克”（Jacob van Heernskerck）级导弹护卫舰,15
037（红箭级）导弹巡逻舰,15
BB-68/Ohio/俄亥俄号,15
福莱斯特级/Forrestal 航空母舰,15
“达布尔”(Dabur）级巡逻舰,15
CV-14/提康德罗加号/航空母舰,15
“旅沪”（Luhu）级导弹驱逐舰,15
独立号濒海战斗舰(LCS-2)战斗舰,15
“特拉法尔加”（Trafalgar）级核动力攻击型潜艇,15
“杰贝尔·切诺阿”级轻型导弹护卫舰,15
Colvic公司艇,15
神通号/Shintsu 巡洋舰,15
“佩里”(Oliver Hazard Perry)级导弹护卫舰,15
BB-59/马萨诸塞号/Massachusetts 战列舰,15
对马号/Tsushima 巡洋舰,15
肯特级重巡洋舰/Kent,15
“杰森”(Jason)级坦克登陆舰,15
柯尼斯堡级/K级,15
457 克拉巴厘号,15
BB-12/俄亥俄号/Ohio 战列舰,15
“王建”号驱逐舰,15
“复仇者”(Avenger)级反水雷舰,15
远征23号（323）常规攻击潜艇,15
“江卫”Ⅰ／II级(053／053H2G型）导弹护卫舰,15
CVL-25/考佩斯号/Cowpens航空母舰,15
吕尔森超细长快速冲击艇,15
081型扫雷舰第2批次扫雷舰,15
“可畏”级,15
BB-45/科罗拉多号/Colorado 战列舰,15
扶桑号/Fuso战列舰,15
伊势号/Ise,15
“絮弗伦”(Suffren)级导弹驱逐舰,15
“维克兰特”级常规动力航空母舰,15
CVB-42/罗斯福号 航空母舰,15
爱宕级驱逐舰,15
皇家方舟号航空母舰,15
“巴德尔”级护卫舰,15
037-Ⅱ型(红箭级)导弹艇,15
SS-478海狮号潜舰,15
“德沃拉/超级德沃拉”Mk II/III级通用快速巡逻舰,15
哈什米罗托克公司巡逻艇,15
“帕迪拉海军上将”级(FS1500型，FL）／“卡斯图里”级轻型导弹护卫舰,15
“伊哈乌玛”级轻型导弹护卫舰,15
致远级 巡洋舰,15
光华六号导弹艇,15
秋月级/Akizuki,15
博伊斯-贝莱奥号航空母舰/Boyce Beilai Ao,15
BB-43/田纳西号,15
073ⅡY型登陆运输舰,15
“南通”号（511）护卫舰,15
萨卡普级先进近海巡逻舰,15
海监28(向阳红09),15
格拉夫·齐柏林/A航舰 航空母舰,15
“库兹涅佐夫海军上将”级常规动力航空母舰,15
长门级/Nagato 战列舰,15
“海口”号（529）火炮护卫舰,15
布里斯托尔级 截击艇,15
查克里·纳吕贝特号 航空母舰,15
无畏级/Dreadnaught 战列舰,15
“格里莎”Ⅱ/Ⅲ/V级护卫舰,15
T级潜艇 (1937年),15
“红宝石”(Rubis)级攻击型核潜艇,15
CV-6/“企业”号航空母舰/Enterprise,15
CV-22/独立号 航空母舰,15
BB-42/爱达荷号/Idaho 战列舰,15
“珠海”号(166),15
“加里波第”级常规动力反潜航空母舰,15
“弗里曼特尔”(Fremantle)级通用巡逻舰,15
“风暴”(storm)级通用快速巡逻舰,15
“柯林斯”级常规潜艇,15
T级潜艇,15
“坚韧”(Endurance)级船坞式两栖运输舰,15
“初雪”(Hatsuyuki)级导弹驱逐舰／通用驱逐舰,15
李四光号测量船（871）,15
“绍兴”号（510）导弹护卫舰,15
BB-26/南卡罗来纳号战列舰,15
超勇舰 巡洋舰,15
加富尔伯爵级战列舰,15
纽约级战列舰,15
多任务护卫舰(法国、意大利),15
SSK 96 Subskimmer硬式充气艇,15
“企业”(EnterpriSe)级核动力航空母舰,15
SX-404级微型潜艇,15
1134A型/克列斯塔II级 巡洋舰,15
安德拉斯塔级潜艇,15
“秃鹰”(Kondor)II级(89型)扫雷舰,15
BB-69/缅因号/Maine,15
094级战略核潜艇,15
724型气垫登陆艇,15
CVL-49/赖特号/Wright 航空母舰,15
天龙号/Tenryu,15
“合肥”号(132),15
Sea Stalker 1500级高速冲击艇,15
“伊丽莎白女王”级航空母舰,15
BB-33/阿肯色号/Arkansas 战列舰,15
致远舰,15
“黄蜂”级两栖攻击舰,15
V5000/6000高速拦截艇,15
快速巡逻船(巴拿马),15
长良号/Nagara 巡洋舰,15
“桑当”（Sandown）级猎雷舰,15
战艇90E,15
沈阳号(115)导弹驱逐舰,15
“德泽文普洛文辛”级导弹驱逐舰,15
“九江”号（516）导弹护卫舰,15
629级/高尔夫级(G级) 弹道导弹柴电潜艇,15
667型/德尔塔级(D级)核潜艇,15
诺福克级重巡洋舰,15
海监47,15
CVN 21级航空母舰,15
基洛级（877EKM/636/636M型）365号常规潜艇,15
昆仑山号船坞登陆舰（998）,15
“洛杉矶”（LosAngeles）级核动力攻击型潜艇,15
690型/欢欣级（B级）潜艇,15
快速级攻击核潜艇,15
Lexington/列克星敦级航空母舰,15
海监16,15
“吉安”号（518）护卫舰,15
“阿素喇”级近岸巡航艇,15
祥凤级/Shoho 航空母舰,15
“基•哈加•德旺塔拉” 级导弹护卫舰,15
岱山岛号（866）医院船,15
“奥沙”(Osa)I级(205型)快速导弹巡逻舰,15
“塞维奥拉”(Serviola)级近岸巡逻舰,15
爱宕号/Atago巡洋舰,15
“纳来颂恩”级,15
R92/不屈号/Indomitable,15
龙凤号/Ryuho,15
维托里奥·维内托级 战列舰,15
“临汾”号（545）护卫舰,15
082-II型（涡藏级）扫雷舰,15
627A型/十一月级(N级),15
42型（Batch1/2）导弹驱逐舰,15
651型/朱莉叶级（J级）,15
“管岛”级扫雷舰,15
MG110小型潜水艇,15
“靛康德罗加”级(“宙斯盾”级)导弹巡洋舰,15
玉亭级大型登陆舰,15
CVN-77/布什号 航空母舰,15
956 纳赛尔号护卫舰,15
波照间级PL型巡视舰,15
833 南康号医疗船,15
“光荣”级导弹巡洋舰,15
松级/Matsu 驱逐舰,15
037IG型(红星级)导弹艇,15
“元”级（041型）常规攻击型潜艇,15
庄河号集装箱医院船(865),15
雾岛号/Kirishima,15
苍龙级/Soryu 航空母舰,15
虎号/Tiger 战列巡洋舰,15
奥古斯塔级潜艇,15
“维拉德”(Velarde)(PR一72P)级快速导弹巡逻舰,15
“邦克山”号航空母舰（CV-17）,15
汉密尔顿级巡逻舰,15
“阿库拉”(Akula)I/Ⅱ级(“雪豹”级，971/971U型)核动力攻击型潜艇,15
阿罗芒什号/Arromanches航空母舰,15
“阿兹特克”(Azteca)级巡逻舰,15
攻击艇,15
内华达号战列舰,15
BB-5/奇沙治号战列舰,15
阿兹马特级护卫舰,15
“无畏”Ⅱ（“弗里盖”级，1155.1型）级导弹驱逐舰,15
远望5号,15
镇远舰 铁甲舰,15
CV-67/肯尼迪号 航空母舰,15
吹雪级/Fubuki 驱逐舰,15
“塔尔瓦”(Talwar)级(1235.6／17工程)导弹护卫舰,15
海神之子”(Albion)级船坞式两栖运输舰,15
高雄号/Takao 巡洋舰,15
英王乔治五世级战列舰 (1936年),15
“奥斯卡”(Oscar)II级(“安提耶”级，949A型)巡航导弹核潜艇,15
“特内里费”级河川巡逻艇,15
CVB-41/中途岛级航空母舰/Midway,15
“旅大”(Luda)I/Ⅱ级(051、051D、051z)导弹驱逐舰,15
“斯林斯贝”SAH2200轻型气垫船,15
战艇90H,15
“海口”号(171),15
川内级/Sendai 巡洋舰,15
俾斯麦号战列舰,15
蒙大拿级战列舰/Montana,15
“莫图莫蒂／海龙”级通用巡逻舰／近岸巡逻舰,15
宗谷级PLH型巡视舰,15
353号常规动力攻击潜艇,15
弗吉尼亚级,15
“维斯比”（Visby）级轻型护卫舰,15
厦门号（515）,15
海容级巡洋舰,15
金刚号/Kongo战列舰,15
“红星”(Houxin)(037/1G)级导弹巡逻舰,15
最上级重巡洋舰/Mogami,15
071型船坞登陆舰,15
球磨号/Kuma,15
“阿利·伯克”（Arleigh Burke）级导弹驱逐舰,15
CV-21/拳师号 航空母舰,15
6604型猎潜艇,15
6602型木质鱼雷快艇,15
S级潜艇,15
6625型铝质鱼雷快艇,15
沙恩霍斯特号/Scharnhorst,15
“弗里德约夫·南森”（Fridtjof Nansen）级（SMP 6088工程）导弹护卫舰,15
扬威舰,15
“筑后”级导弹护卫舰,15
长门号/Nagato 战列舰,15
超勇级 巡洋舰,15
“阿尔·希蒂克”(Alsiddiq)级快速导弹巡逻舰,15
潜水员输送载具（SDV）,15
Kaan15级高级冲击/拦截艇,15
“村雨”(MuraSame)级导弹驱逐舰／通用驱逐舰,15
BB-18/康涅狄格号战列舰/Connecticut,15
布列塔尼级/Bretagne战列舰,15
“库卡里/科拉”级,15
城级爱丁堡号/Edinburgh 巡洋舰,15
千代田号/Chiyoda 航空母舰,15
CVN-75/杜鲁门号/Truman 航空母舰,15
卡萨布兰卡级/Casablanca 航空母舰,15
611型/祖鲁级(Z级),15
342号常规动力攻击潜艇,15
ABS M-10中型气垫船,15
CV-12/大黄蜂号,15
伊利诺伊级,15
基辅级航空母舰,15
凯沃尔号/Cavour 航空母舰,15
敦刻尔克级/Dunkerque战列舰,15
“无敌”级常规动力航空母舰,15
戴达罗号航空母舰,15
MG120/ER浅水攻击型潜艇（SWAT）,15
BB-40/新墨西哥号,15
“淮北”号（541）护卫舰,15
速科夫号/Surcouf潜艇,15
“汕头”号(561)护卫舰,15
平远舰,15
888 抚仙湖号补给舰,15
“闪电”(Foudre)(TCD90型)级船坞登陆舰,15
大和号/Yamato战列舰,15
格里德利级驱逐舰/Gridley,15
889 太湖号补给舰,15
360号常规动力攻击潜艇,15
CVL-48/塞班级/Saipan 航空母舰,15
“西北风”(Mistral)级两栖攻击舰／多用途两柄舰,15
远征21号（321）常规动力攻击潜艇,15
“襄樊”号（567）,15
073A型中型登陆舰,15
马可尼级潜艇,15
云鹰号/Unyo 航空母舰,15
“纳努契卡”级导弹护卫舰,15
CVL-28/卡伯特号/Cabot航空母舰,15
“代斯蒂安娜·多尔夫”级轻型护卫舰,15
五十铃号/Isuzu 巡洋舰,15
科芒斯曼特湾/Commencementbay 航空母舰,15
BB-22/明尼苏达号/Minnesota 战列舰,15
355号常规动力攻击潜艇,15
小型潜艇,15
23型/苏联级 战列舰,15
II型U艇,15
塞德利茨号/Seydlitz,15
斯维尔德洛夫级 巡洋舰,15
远征20号（320）常规动力攻击潜艇,15
近岸巡逻艇/导弹艇,15
CVN-68/尼米兹号 航空母舰,15
671型/维克托级（V级）,15
“斗土”l/“乌姆•阿尔马拉迪姆”级快速导弹巡逻舰,15
890 巢湖号补给舰,15
克莱姆森级驱逐舰/Clemson,15
“海兹/萨尔4.5”(Hetz/saar 4.5)级导弹巡逻舰,15
Stealth Divex循环式呼吸潜水装备,15
磐手号/Iwate 巡洋舰,15
海监26,15
074A型双体通用登陆艇,15
AVG-1/长岛号/LongIsland 航空母舰,15
“圣·保罗”级常规动力航空母舰,15
莱丘”（Lekiu）级导弹护卫舰,15
CV-45/福吉谷号/航空母舰,15
Lebed重型气垫船,15
“斯普鲁恩斯”级导弹驱逐舰,15
北调900 侦察船,15
弗朗切斯科·卡拉乔洛级 战列舰,15
快速拦截艇,15
海监23,15
021G型导弹艇,15
“岛”(Island)级近岸巡逻舰,15
列宁号核动力破冰船,15
“西巴劳”(Sibarau)级通用巡逻舰,15
“无畏”(Udaloy）级导弹驱逐舰,15
拉法耶特号/Lafayette No,15
汉级（091型）长征4号（404）核潜艇,15
“勒里希”级（“玛哈米鲁”级）猎雷舰／扫雷舰,15
乌拉(Ula)级常规攻击型潜艇,15
大凤号/Taiho航空母舰,15
维兰玛迪雅号/Vikramaditya,15
“维林根”（Wielingen）级（E-71型）护卫舰,15
“科顿艾尔”(Kontenaer)级导弹护卫舰,15
飞鹰级/Hiyo 航空母舰,15
054A型导弹护卫舰,15
“麦地纳”级,15
鬼怒号/Kinu 巡洋舰,15
027IIB型4管大型鱼雷艇,15
差克里-纳吕贝级,15
“卡帕伦”(Kaparen)级快速导弹巡逻舰,15
重庆号 巡洋舰,15
BB-67/蒙大拿号/Montana　战列舰,15
新罗西斯克号,15
052C型（旅洋Ⅱ级）驱逐舰,15
伦敦级重巡洋舰,15
CVN-74/约翰·C·斯坦尼斯号 航空母舰,15
“南宁”号(162),15
“天蝎座”级常规攻击性潜艇,15
（039A/039B型）330号核潜艇,15
“蟾蜍”级坦克登陆舰,15
“斯德哥摩尔”（Stockholm）级轻型护卫舰,15
“江门”号（562）护卫舰,15
“库尔姆贝克”（Kulmbach）级（333型）猎雷舰,15
本森级/Benson 驱逐舰,15
“格劳海军上将”级巡洋舰,15
台风” (Typhoon)级(“鲨鱼”级，941型)弹道导弹核潜艇,15
Isla级快速攻击艇,15
印第安纳级战列舰/Indiana,15
“埃拉特/萨尔5”级护卫舰,15
BB-55/北卡罗来纳号/North Carolina 战列舰,15
905型“太仓”级补给船,15
索墨斯级驱逐舰/Somers,15
“什瓦利克”（Shivalik）级（17工程）护卫舰,15
沙恩霍斯特级,15
巴蒂斯塔·德·安德拉德/胡阿·孔蒂尼奥”(Baptista deAndrade／JoaoCoutinho)级护卫舰,15
三角洲80登陆艇,15
“艾斯波拉”级导弹护卫舰,15
“布劳什威格” (Braunschweig)级(K 130型)导弹轻型护卫舰,15
夕云级/Yugumo 驱逐舰,15
刘公岛号潜艇救援舰（865）,15
大鹰级/Taiyo 航空母舰,15
CVL-24/贝劳伍德号/Beleau Wood航空母舰,15
“济南”号(105) 驱逐舰,15
“海洋”(0cean)级两栖攻击舰,15
三偎号/Mikuma,15
“阿尔万德”(Alvand)级导弹护卫舰,15
“维多利亚”级常规攻击型潜艇,15
北救143三体救生船,15
“查尔·戴高乐”级核动力航空母舰,15
BB-11/密苏里号/Missouri 战列舰,15
海监22(向阳红08),15
新高号/Niitaka,15
“吉首”号（557）护卫舰,15
S-10再生式氧气呼吸系统潜承装备,15
“四平”号（544）,15
“埃塞克斯”号(CV-9)航空母舰,15
佛罗里达级战列舰,15
458 塞巴里号导弹护卫舰,15
Oxymax闭路氧气潜水设备,15
塞瓦斯托波尔级/甘古特级战列舰,15
海洋岛号潜艇支援舰（864）,15
能登吕号/Notoro 航空母舰,15
玉连级（079型）改进型,15
北卡罗来纳级,15
贝纳姆级驱逐舰/Benham,15
“沙里院”级,15
“吕尔森”(Lursscn)FPB 57级快速导弹巡逻舰,15
‘塞阿拉”（Ceara）（“托马斯顿”）级船坞登陆舰,15
桑加蒙级/Sangamon 航空母舰,15
BB-44/加利福尼亚号战列舰,15
古鹰号/Furutaka 巡洋舰,15
柳州号护卫舰（573）,15
“巴赞/维塔/超级维塔”(Barzan/Vita/Super Vita)级快速导弹巡逻舰,15
“基林”（Gearing）级通用驱逐舰,15
“长治”号(519)护卫舰,15
CV-2/列克星顿号/Lexington 航空母舰,15
筑波号/Tsukuba,15
“自贡”号（558）护卫舰,15
埃德索尔级/Edsal驱逐舰,15
“图尔亚”(Turya)级(206M型)巡逻舰/鱼雷舰,15
严岛号/Itsukushima 巡洋舰,15
海监21,15
“白熊”级改进型通用护卫舰,15
“华欣”(Hua Hin)级轻型护卫舰,15
BB-6/肯塔基号/Kentucky 战列舰,15
BB-34/纽约号/New York 战列舰,15
052D型驱逐舰,15
BB-63/密苏里号/Missouri,15
鞍山级驱逐舰,15
BB-51/蒙大拿号战列舰/Montana,15
高月级驱逐舰,15
V/W级驱逐舰,15
R87/卓越号航空母舰/Illustrious,15
BB-28/特拉华级战列舰/Delaware,15
朱利奥·凯撒号,15
BB-14/内布拉斯加号/Nebraska 战列舰,15
烟台舰(538),15
“奥克塞/阿尔塔”级猎雷舰,15
206A级常规攻击型潜艇,15
“江湖”I／Ⅱ级(053）导弹护卫舰,15
“桂林”号(164) 驱逐舰,15
SS-794海虎号潜艇,15
克莱珀皮艇,15
“萨克森”(sachsen)级(124型)导弹护卫舰,15
“科尼”(Koni)I／II／III级（1159型)通用护卫舰,15
“开源”号（503）火炮护卫舰,15
飞鹰号/Hiyo 航空母舰,15
42型（Batch 3）驱逐舰,15
海监41,15
BB-30/佛罗里达号/Florida 战列舰,15
雍籍牙级巡逻舰,15
645型海洋综合调查船,15
远征18号（318）常规动力攻击潜艇,15
拦截级巡逻船,15
“维拉特”（“竞技神”）级常规动力航空母舰,15
“北方”(Polnochny)级中型登陆舰,15
西姆斯级/Sims,15
“穆西塔里”(Musytari)级近岸巡逻舰,15
独立级航空母舰,15
高雄级重巡洋舰/Takao,15
“艾斯纳”(Eithne)级近岸巡逻舰,15
“西湖”（Soho）级导弹护卫舰,15
072II（玉亭级）大型登陆舰,15
Yorktown/约克城级,15
1710型白鲸级试验潜艇,15
“西安”号(106),15
“萨乌罗”级常规攻击型潜艇,15
“大连”号(110) 驱逐舰,15
271Ⅱ型中型登陆艇,15
CV-40/塔拉瓦号,15
海监74,15
阿奴律陀级巡逻舰,15
“河谷”级(024型)快速攻击导弹巡逻舰,15
885 青海湖号补给舰,15
东救304近海潜水救生船,15
锦江级导弹艇,15
远征29号（329）常规攻击潜艇,15
萨马尔级巡逻艇,15
BB-58 印第安纳号,15
不倦级/Indefatigable 战列巡洋舰,15
硬质充气艇,15
667型/杨基级（Y级）,15
252 沙姆谢尔(Shamsheer)号护卫舰,15
那智号/Nachi,15
“斗士”(LaCombattante)III/IIlB/llIM/“安西波普洛亚克斯•拉斯科斯”/“达姆沙”级快速导弹巡逻舰,15
“守护”级,15
阿兹玛特级导弹艇/巡逻艇,15
安德烈亚·多里亚级战列舰,15
035改进型明级潜艇,15
葛城/Katsuragi 航空母舰,15
705型/阿尔法级(A级),15
“浦项”（POHang）级轻型护卫舰/轻型导弹护卫舰,15
川内号/Sendai 巡洋舰,15
MkV级高速冲击艇,15
巡逻快艇,15
BB-61/艾奥瓦号/Iowa战列舰,15
试验舰（893）,15
玉康级大型登陆舰,15
“高波”级导弹驱逐舰／通用驱逐舰,15
“卡克拉”（209）级潜艇（SSK）,15
“阿武隈”级导弹护卫舰,15
BB-2/麻萨诸塞号战列舰/Massachusetts,15
306号常规动力攻击潜艇,15
妙高号/Myoko,15
“淮阴”号(513)护卫舰,15
海监53,15
飞弹级PL型巡视舰,15
苍龙号/Soryu 航空母舰,15
狄多级轻型巡洋舰,15
港口艇,15
新墨西哥级,15
595型中型水声调查船,15
58型/肯达级 导弹巡洋舰,15
067型(玉南级)小型登陆艇,15
海监46,15
253 赛义夫(Saif)号护卫舰,15
海监81(向阳红14),15
“尼尔斯·尤尔”（Niels Juel）级导弹护卫舰,15
维克斯级驱逐舰/Wickes,15
夏级（092型）长征6号（406）,15
“吉打”(Kedah)级轻型护卫舰,15
BB-28/特拉华号/Delaware 战列舰,15
自由级濒海战斗舰(LCS-1),15
308号常规动力攻击潜艇,15
竺可桢号测量船（872）,15
CVN-71/罗斯福号 航空母舰,15
矢矧号轻巡洋舰/Yahagi,15
酒勾号轻/Sakawa巡洋舰,15
瑞凤号/Zuiho 航空母舰,15
“嘉兴”号（521）,15
徐霞客号(88),15
海狮级潜艇,15
同安梭船,15
“江凯”级（054型）护卫舰,15
“奥斯汀”(Austin)级船坞式两栖运输舰,15
“肇庆”号（563）护卫舰,15
057K港湾扫雷艇,15
“洛阳”号（527）导弹护卫舰,15
南联级/Yugo微型潜艇,15
北救137近海潜水救生船,15
“基洛夫”级核动力导弹巡洋舰,15
海监72,15
足柄号/Ashigara 巡洋舰,15
射手级航母/ARCHER,15
海救512号氦氧救生船,15
海监20,15
033型（R级）常规攻击潜艇,15
海豚级潜艇,15
502南充号,15
884镜泊湖号补给舰,15
BB-3/俄勒冈号/Oregon,15
“玉林”号（565）护卫舰,15
SS-793/海龙号,15
“红稗”级（022型）快速攻击导弹艇,15
P4型鱼雷快艇,15
CV-66/美国号 航空母舰,15
 “蔚山” (UlSan)级导弹护卫舰,15
“盾牌”(Skjold)级快速导弹巡逻舰,15
神风级/Kamikaze,15
千岁级/Zuiho 航空母舰,15
“连云港”号（522）护卫舰,15
海鹰级/Kaiyo 轻型航空母舰,15
“宜昌”号（564）,15
汉级（091型）长征5号（405）核动力攻击潜艇,15
“德•拉•潘尼”(Dela Penne)级(原“阿尼莫索”级)导弹驱逐舰,15
“旅大”Ⅲ051DT级导弹驱逐舰,15
“尼基”级,15
“哥特兰” (Gotland)级(A 19)常规攻击型潜艇,15
加贺号/Kaga航空母舰,15
Czilim级轻型气垫船,15
093型商级攻击型核潜艇,15
传奇级国家安全舰,15
信浓号/Shinano,15
远征13号（313）常规攻击潜艇,15
常德号（509）导弹护卫舰,15
“春潮”(Harushio)级常规攻击型潜艇,15
